{
  "model": "gp_exact_rbf_cpu",
  "seed": 3,
  "n_train": 4000,
  "n_test": 16000,
  "device": "cpu",
  "hyperparams": {
    "kernel": "RBF",
    "l": 0.2,
    "sigma_f": 1.0,
    "sigma_n": 0.001,
    "x_scaler": "StandardScaler",
    "y_scaler": "StandardScaler",
    "transform": "signed_log1p"
  },
  "timing_sec": {
    "data_load": 0.34271740913391113,
    "train": 0.7106723785400391,
    "infer": 0.6256918907165527,
    "note": "For exact GP, 'train' includes building K, Cholesky/solve, and computing mean on test."
  },
  "model_size": {
    "K_train_bytes": 128000000,
    "K_train_mb": 122.0703125,
    "note": "Exact GP stores a dense N x N kernel matrix (dominant memory)."
  },
  "peak_memory": {
    "cpu_rss_peak_bytes": 1987059712,
    "cpu_rss_peak_mb": 1895.0078125
  },
  "metrics": {
    "rmse": [
      114.48083289228411,
      0.8795329816926589,
      0.00014602050712794927,
      0.0012681359378756186,
      3.0466358438809565e-08,
      0.22416102781167144,
      3.7363426994274106e-08
    ],
    "rrmse": [
      0.19286825492737364,
      0.002174583974670509,
      0.031153667435007013,
      0.0018727692395875402,
      0.0027727189175689145,
      0.0029335245396761435,
      0.0026979893795771857
    ],
    "mae": [
      6.142977239143356,
      0.09977399431029749,
      2.0585220938496824e-05,
      0.00012045896552750377,
      3.140456464904538e-09,
      0.028116128939939443,
      3.8077430543914755e-09
    ],
    "r2": [
      0.9628018362412695,
      0.9999952711845371,
      0.9990294490049376,
      0.9999964927353753,
      0.9999923120323846,
      0.9999913944337752,
      0.9999927208546286
    ],
    "p95_abs": [
      25.83828903865604,
      0.18751816444501512,
      4.9958619067037676e-05,
      0.0001235711622687705,
      4.553659539196753e-09,
      0.05189578524127682,
      5.6594364483080556e-09
    ],
    "max_abs": [
      10873.883524685056,
      27.26465766550507,
      0.005239692004044333,
      0.052398934704479094,
      1.0420127895853845e-06,
      9.66364523766083,
      1.2882533454654747e-06
    ],
    "rmse_mean": 16.51227730372332,
    "rrmse_mean": 0.033781929773351566,
    "mae_mean": 0.8958583447897512,
    "r2_mean": 0.9945427823552725,
    "p95_abs_mean": 3.725410932619538,
    "max_abs_mean": 1558.6956383635993
  },
  "outputs": [
    "ProdRateProgVar [kg/m^3s]",
    "temperature [K]",
    "Y-CO",
    "density",
    "mu [kg/ms]",
    "cp [J/kgK]",
    "Diff [kg/ms]"
  ]
}