{
  "model": "gp_exact_rbf_cpu",
  "seed": 0,
  "n_train": 24000,
  "n_test": 16000,
  "device": "cpu",
  "hyperparams": {
    "kernel": "RBF",
    "l": 0.2,
    "sigma_f": 1.0,
    "sigma_n": 0.001,
    "x_scaler": "StandardScaler",
    "y_scaler": "StandardScaler",
    "transform": "signed_log1p"
  },
  "timing_sec": {
    "data_load": 0.3260011672973633,
    "train": 53.48713159561157,
    "infer": 3.3580188751220703,
    "note": "For exact GP, 'train' includes building K, Cholesky/solve, and computing mean on test."
  },
  "model_size": {
    "K_train_bytes": 4608000000,
    "K_train_mb": 4394.53125,
    "note": "Exact GP stores a dense N x N kernel matrix (dominant memory)."
  },
  "peak_memory": {
    "cpu_rss_peak_bytes": 18690707456,
    "cpu_rss_peak_mb": 17824.84765625
  },
  "metrics": {
    "rmse": [
      12.371050409685187,
      0.038737021392413376,
      1.1811002018133918e-05,
      4.0566208548467664e-05,
      9.21300205492549e-10,
      0.019276506254413777,
      1.0982778783427839e-09
    ],
    "rrmse": [
      0.020841767515611474,
      9.577458458044076e-05,
      0.0025198928300168297,
      5.990773170858183e-05,
      8.384679493809347e-05,
      0.0002522655462842198,
      7.930594942609232e-05
    ],
    "mae": [
      2.545805755424021,
      0.019701532705955534,
      5.653761529556907e-06,
      1.172342199460076e-05,
      4.823917312896594e-10,
      0.006809910880778759,
      6.036769941551904e-10
    ],
    "r2": [
      0.9995656207268252,
      0.9999999908272289,
      0.9999936501401225,
      0.9999999964110636,
      0.9999999929697173,
      0.9999999363620942,
      0.9999999937105676
    ],
    "p95_abs": [
      13.260082299888943,
      0.09502586282633271,
      2.6454823401598164e-05,
      4.351944726733725e-05,
      2.208040139451712e-09,
      0.02234807860706948,
      2.562047420240674e-09
    ],
    "max_abs": [
      334.393537410775,
      0.2946100581020801,
      0.00013037871163087652,
      0.0022614722237657148,
      8.912210922342714e-09,
      0.576211279493009,
      1.041431191390013e-08
    ],
    "rmse_mean": 1.7755880452231654,
    "rrmse_mean": 0.0034189658503665328,
    "mae_mean": 0.3674763681829069,
    "r2_mean": 0.9999370258782314,
    "p95_abs_mean": 1.911075174337586,
    "max_abs_mean": 47.89525008837601
  },
  "outputs": [
    "ProdRateProgVar [kg/m^3s]",
    "temperature [K]",
    "Y-CO",
    "density",
    "mu [kg/ms]",
    "cp [J/kgK]",
    "Diff [kg/ms]"
  ]
}