{
  "model": "gp_exact_rbf_cpu",
  "seed": 0,
  "n_train": 8000,
  "n_test": 16000,
  "device": "cpu",
  "hyperparams": {
    "kernel": "RBF",
    "l": 0.2,
    "sigma_f": 1.0,
    "sigma_n": 0.001,
    "x_scaler": "StandardScaler",
    "y_scaler": "StandardScaler",
    "transform": "signed_log1p"
  },
  "timing_sec": {
    "data_load": 0.6600046157836914,
    "train": 3.6323957443237305,
    "infer": 1.2147395610809326,
    "note": "For exact GP, 'train' includes building K, Cholesky/solve, and computing mean on test."
  },
  "model_size": {
    "K_train_bytes": 512000000,
    "K_train_mb": 488.28125,
    "note": "Exact GP stores a dense N x N kernel matrix (dominant memory)."
  },
  "peak_memory": {
    "cpu_rss_peak_bytes": 4295155712,
    "cpu_rss_peak_mb": 4096.1796875
  },
  "metrics": {
    "rmse": [
      21.606131346481966,
      0.20830710374955816,
      2.919845142085896e-05,
      0.0004871656357715623,
      8.024557622136478e-09,
      0.09810091036421045,
      9.515521834751395e-09
    ],
    "rrmse": [
      0.03640030163344892,
      0.0005150247904883054,
      0.006229528051053709,
      0.0007194408659259796,
      0.0007303085719518313,
      0.0012838156156196796,
      0.0006871098000520241
    ],
    "mae": [
      3.5143073157274825,
      0.03411728586650467,
      8.047140682142301e-06,
      3.458678424892409e-05,
      9.435793954261199e-10,
      0.011672832709878676,
      1.1287309805864445e-09
    ],
    "r2": [
      0.9986750180409939,
      0.9999997347494651,
      0.9999611929802447,
      0.9999994824048405,
      0.9999994666495687,
      0.9999983518174651,
      0.9999995278802083
    ],
    "p95_abs": [
      16.41062973697977,
      0.12494431669189221,
      3.307056873747075e-05,
      6.686142416934542e-05,
      2.893295363184021e-09,
      0.0289939760670336,
      3.3830495752603775e-09
    ],
    "max_abs": [
      850.9946170315725,
      16.019161563256034,
      0.001493276750329281,
      0.047650349542347925,
      7.231726012456939e-07,
      8.351810495960308,
      8.729836188480617e-07
    ],
    "rmse_mean": 3.1304365346032865,
    "rrmse_mean": 0.006652218475505778,
    "mae_mean": 0.508591438614444,
    "r2_mean": 0.9998046820746838,
    "p95_abs_mean": 2.36638113828685,
    "max_abs_mean": 125.05924775903395
  },
  "outputs": [
    "ProdRateProgVar [kg/m^3s]",
    "temperature [K]",
    "Y-CO",
    "density",
    "mu [kg/ms]",
    "cp [J/kgK]",
    "Diff [kg/ms]"
  ]
}