{
  "model": "gp_exact_rbf_cpu",
  "seed": 2,
  "n_train": 4000,
  "n_test": 16000,
  "device": "cpu",
  "hyperparams": {
    "kernel": "RBF",
    "l": 0.2,
    "sigma_f": 1.0,
    "sigma_n": 0.001,
    "x_scaler": "StandardScaler",
    "y_scaler": "StandardScaler",
    "transform": "signed_log1p"
  },
  "timing_sec": {
    "data_load": 0.331326961517334,
    "train": 0.6782381534576416,
    "infer": 0.6268675327301025,
    "note": "For exact GP, 'train' includes building K, Cholesky/solve, and computing mean on test."
  },
  "model_size": {
    "K_train_bytes": 128000000,
    "K_train_mb": 122.0703125,
    "note": "Exact GP stores a dense N x N kernel matrix (dominant memory)."
  },
  "peak_memory": {
    "cpu_rss_peak_bytes": 1988292608,
    "cpu_rss_peak_mb": 1896.18359375
  },
  "metrics": {
    "rmse": [
      66.71105158836993,
      0.9869354314273047,
      0.00013920168797148627,
      0.0021365216115423,
      3.867168495304586e-08,
      0.3418346548783381,
      4.902795627331343e-08
    ],
    "rrmse": [
      0.11238950468088435,
      0.0024401290433543896,
      0.029698863390847912,
      0.0031551916748871964,
      0.003519479121829865,
      0.004473482114115816,
      0.0035402776449827674
    ],
    "mae": [
      6.562100879856238,
      0.10241567268684654,
      2.070951203387839e-05,
      0.00014958700707814462,
      3.4344439439095932e-09,
      0.03467851061926216,
      4.2520528408444615e-09
    ],
    "r2": [
      0.9873685992375855,
      0.9999940457702517,
      0.9991179775129179,
      0.9999900447654947,
      0.9999876132708686,
      0.9999799879577747,
      0.9999874664364709
    ],
    "p95_abs": [
      24.16037258679507,
      0.1957394310570293,
      5.495956704097884e-05,
      0.00012426711561201435,
      4.7848728285461455e-09,
      0.05606338366765157,
      5.8330068914662735e-09
    ],
    "max_abs": [
      2881.6848213057747,
      39.49739905648687,
      0.005116225954817205,
      0.07170743584067552,
      1.4538437024763128e-06,
      15.291253156261291,
      1.824569470157155e-06
    ],
    "rmse_mean": 9.720299640810676,
    "rrmse_mean": 0.022745275381557472,
    "mae_mean": 0.9570521953382792,
    "r2_mean": 0.9980608192787663,
    "p95_abs_mean": 3.4874792341171834,
    "max_abs_mean": 419.50718577981877
  },
  "outputs": [
    "ProdRateProgVar [kg/m^3s]",
    "temperature [K]",
    "Y-CO",
    "density",
    "mu [kg/ms]",
    "cp [J/kgK]",
    "Diff [kg/ms]"
  ]
}