{
  "model": "gp_exact_rbf_cpu",
  "seed": 1,
  "n_train": 8000,
  "n_test": 16000,
  "device": "cpu",
  "hyperparams": {
    "kernel": "RBF",
    "l": 0.2,
    "sigma_f": 1.0,
    "sigma_n": 0.001,
    "x_scaler": "StandardScaler",
    "y_scaler": "StandardScaler",
    "transform": "signed_log1p"
  },
  "timing_sec": {
    "data_load": 0.32735466957092285,
    "train": 3.775879383087158,
    "infer": 1.2326312065124512,
    "note": "For exact GP, 'train' includes building K, Cholesky/solve, and computing mean on test."
  },
  "model_size": {
    "K_train_bytes": 512000000,
    "K_train_mb": 488.28125,
    "note": "Exact GP stores a dense N x N kernel matrix (dominant memory)."
  },
  "peak_memory": {
    "cpu_rss_peak_bytes": 4297555968,
    "cpu_rss_peak_mb": 4098.46875
  },
  "metrics": {
    "rmse": [
      15.004621261825537,
      0.21234806604844428,
      2.019413402252442e-05,
      0.0004607515148274139,
      7.681841769982672e-09,
      0.05549603288734786,
      9.40136016214506e-09
    ],
    "rrmse": [
      0.02527859944325672,
      0.0005250157880294029,
      0.004308445079734066,
      0.000680432781920558,
      0.0006991182763171837,
      0.0007262590465390112,
      0.0006788662580371586
    ],
    "mae": [
      3.0782524889885923,
      0.03403638943978777,
      7.478009837173777e-06,
      3.82864575835282e-05,
      9.643743301770836e-10,
      0.010287423185019918,
      1.1815829568571675e-09
    ],
    "r2": [
      0.9993609924101874,
      0.9999997243584223,
      0.9999814373009871,
      0.9999995370112292,
      0.9999995112337998,
      0.9999994725477973,
      0.9999995391406873
    ],
    "p95_abs": [
      16.786987309303136,
      0.12212193412298118,
      3.2284900170591365e-05,
      6.539298385253017e-05,
      2.9093309824733562e-09,
      0.028855766476658554,
      3.4538453645725275e-09
    ],
    "max_abs": [
      383.0333819367579,
      12.134612791718837,
      0.0006595230561669716,
      0.037293291215260815,
      5.265951735257537e-07,
      3.2419589696166895,
      6.55016345655257e-07
    ],
    "rmse_mean": 2.1818494747847685,
    "rrmse_mean": 0.0046995338105477276,
    "mae_mean": 0.4460888668895397,
    "r2_mean": 0.9999057448575872,
    "p95_abs_mean": 2.4197232420214254,
    "max_abs_mean": 56.92112967056805
  },
  "outputs": [
    "ProdRateProgVar [kg/m^3s]",
    "temperature [K]",
    "Y-CO",
    "density",
    "mu [kg/ms]",
    "cp [J/kgK]",
    "Diff [kg/ms]"
  ]
}