{
  "model": "gp_exact_rbf_cpu",
  "seed": 3,
  "n_train": 24000,
  "n_test": 16000,
  "device": "cpu",
  "hyperparams": {
    "kernel": "RBF",
    "l": 0.2,
    "sigma_f": 1.0,
    "sigma_n": 0.001,
    "x_scaler": "StandardScaler",
    "y_scaler": "StandardScaler",
    "transform": "signed_log1p"
  },
  "timing_sec": {
    "data_load": 0.36640429496765137,
    "train": 72.71177530288696,
    "infer": 3.5798420906066895,
    "note": "For exact GP, 'train' includes building K, Cholesky/solve, and computing mean on test."
  },
  "model_size": {
    "K_train_bytes": 4608000000,
    "K_train_mb": 4394.53125,
    "note": "Exact GP stores a dense N x N kernel matrix (dominant memory)."
  },
  "peak_memory": {
    "cpu_rss_peak_bytes": 18678628352,
    "cpu_rss_peak_mb": 17813.328125
  },
  "metrics": {
    "rmse": [
      12.015280408217878,
      0.03960230187968807,
      1.203018177100058e-05,
      3.015266706427214e-05,
      9.298171232350729e-10,
      0.01884118895227471,
      1.1081918588339455e-09
    ],
    "rrmse": [
      0.020242394348899184,
      9.791393025637147e-05,
      0.0025666551188459723,
      4.45291278978262e-05,
      8.462191281086135e-05,
      0.0002465686863044223,
      8.002183167315142e-05
    ],
    "mae": [
      2.5682538641588897,
      0.019942689675908967,
      5.746990381314687e-06,
      1.1258396511011675e-05,
      4.855783306737871e-10,
      0.006835811466311498,
      6.075717431634418e-10
    ],
    "r2": [
      0.9995902454710237,
      0.9999999904128622,
      0.9999934122814981,
      0.9999999980171568,
      0.9999999928391343,
      0.999999939203883,
      0.9999999935965076
    ],
    "p95_abs": [
      14.51008797646968,
      0.09917137627911636,
      2.6998740020029902e-05,
      4.5054356910939564e-05,
      2.3142737048549547e-09,
      0.023019263482444773,
      2.6753049467241704e-09
    ],
    "max_abs": [
      266.72868037298576,
      0.31622376871450797,
      0.00013298047457984015,
      0.0009265250073013931,
      7.598447798100403e-09,
      0.6895776567043868,
      8.952660889984345e-09
    ],
    "rmse_mean": 1.7248237262766695,
    "rrmse_mean": 0.0033375292795268267,
    "mae_mean": 0.370721338825879,
    "r2_mean": 0.999940510260295,
    "p95_abs_mean": 2.0903358106168217,
    "max_abs_mean": 38.247934474348234
  },
  "outputs": [
    "ProdRateProgVar [kg/m^3s]",
    "temperature [K]",
    "Y-CO",
    "density",
    "mu [kg/ms]",
    "cp [J/kgK]",
    "Diff [kg/ms]"
  ]
}