{
  "model": "gp_exact_rbf_cpu",
  "seed": 3,
  "n_train": 8000,
  "n_test": 16000,
  "device": "cpu",
  "hyperparams": {
    "kernel": "RBF",
    "l": 0.2,
    "sigma_f": 1.0,
    "sigma_n": 0.001,
    "x_scaler": "StandardScaler",
    "y_scaler": "StandardScaler",
    "transform": "signed_log1p"
  },
  "timing_sec": {
    "data_load": 0.34935784339904785,
    "train": 7.9946370124816895,
    "infer": 2.1413655281066895,
    "note": "For exact GP, 'train' includes building K, Cholesky/solve, and computing mean on test."
  },
  "model_size": {
    "K_train_bytes": 512000000,
    "K_train_mb": 488.28125,
    "note": "Exact GP stores a dense N x N kernel matrix (dominant memory)."
  },
  "peak_memory": {
    "cpu_rss_peak_bytes": 4286238720,
    "cpu_rss_peak_mb": 4087.67578125
  },
  "metrics": {
    "rmse": [
      18.73104557328732,
      0.10792224396179291,
      1.62548363751835e-05,
      0.0003858862016904832,
      4.525834342964236e-09,
      0.050404979251822385,
      5.594036277435903e-09
    ],
    "rrmse": [
      0.03155658446409259,
      0.0002668302236695472,
      0.0034679907405005435,
      0.0005698725088714361,
      0.0004118925642434064,
      0.0006596340363023128,
      0.0004039418136833243
    ],
    "mae": [
      3.3443979935816204,
      0.02897026968893131,
      7.464940832400789e-06,
      2.986306732472103e-05,
      7.919855452534706e-10,
      0.009724155583647146,
      9.674829028657198e-10
    ],
    "r2": [
      0.9990041819769606,
      0.9999999288016317,
      0.9999879730402187,
      0.9999996752453236,
      0.9999998303445725,
      0.9999995648829382,
      0.9999998368310408
    ],
    "p95_abs": [
      17.765084261079057,
      0.12316876014582469,
      3.428309218773681e-05,
      6.681371334516516e-05,
      2.9230387313277537e-09,
      0.03049840044039907,
      3.4363423290705108e-09
    ],
    "max_abs": [
      577.0472676629925,
      6.262049870220494,
      0.00028172121882329886,
      0.02850850816616557,
      3.035850171536104e-07,
      3.2026003561832113,
      3.748989283863994e-07
    ],
    "rmse_mean": 2.6985392782369817,
    "rrmse_mean": 0.005333820907337594,
    "mae_mean": 0.4833042498031178,
    "r2_mean": 0.9998558558746694,
    "p95_abs_mean": 2.559836074975742,
    "max_abs_mean": 83.79152982818073
  },
  "outputs": [
    "ProdRateProgVar [kg/m^3s]",
    "temperature [K]",
    "Y-CO",
    "density",
    "mu [kg/ms]",
    "cp [J/kgK]",
    "Diff [kg/ms]"
  ]
}