{
  "model": "gp_exact_rbf_cpu",
  "seed": 1,
  "n_train": 16000,
  "n_test": 16000,
  "device": "cpu",
  "hyperparams": {
    "kernel": "RBF",
    "l": 0.2,
    "sigma_f": 1.0,
    "sigma_n": 0.001,
    "x_scaler": "StandardScaler",
    "y_scaler": "StandardScaler",
    "transform": "signed_log1p"
  },
  "timing_sec": {
    "data_load": 0.3600749969482422,
    "train": 34.61986684799194,
    "infer": 2.3649818897247314,
    "note": "For exact GP, 'train' includes building K, Cholesky/solve, and computing mean on test."
  },
  "model_size": {
    "K_train_bytes": 2048000000,
    "K_train_mb": 1953.125,
    "note": "Exact GP stores a dense N x N kernel matrix (dominant memory)."
  },
  "peak_memory": {
    "cpu_rss_peak_bytes": 10453340160,
    "cpu_rss_peak_mb": 9969.08203125
  },
  "metrics": {
    "rmse": [
      12.47965226075053,
      0.041824635860932956,
      1.2573714275366253e-05,
      4.7122853254183184e-05,
      1.006035402641208e-09,
      0.01878492498798496,
      1.1950014474131921e-09
    ],
    "rrmse": [
      0.021024731326824864,
      0.00010340849608002075,
      0.0026826184942250705,
      6.959051267316709e-05,
      9.155847746785492e-05,
      0.0002458323775822741,
      8.62902970381771e-05
    ],
    "mae": [
      2.591089120101914,
      0.021125225919146638,
      6.033662621809967e-06,
      1.31668797467639e-05,
      5.230549127584775e-10,
      0.007057897587982865,
      6.473824357366973e-10
    ],
    "r2": [
      0.9995579606726348,
      0.999999989306683,
      0.9999928035580113,
      0.9999999951571605,
      0.999999991617048,
      0.9999999395664422,
      0.999999992553986
    ],
    "p95_abs": [
      14.20441568300122,
      0.10390288098783447,
      2.842922568217441e-05,
      4.8005351084340337e-05,
      2.4325467811821866e-09,
      0.02430990426037169,
      2.76151951661291e-09
    ],
    "max_abs": [
      226.06333958270807,
      0.5990528666242199,
      0.00014908574057635976,
      0.00283824458565185,
      2.153594743419733e-08,
      0.7026176658366694,
      2.564420898622553e-08
    ],
    "rmse_mean": 1.7914745029097168,
    "rrmse_mean": 0.0034720042831273474,
    "mae_mean": 0.37418449218883565,
    "r2_mean": 0.9999358103474236,
    "p95_abs_mean": 2.0475292725743226,
    "max_abs_mean": 32.48114249895362
  },
  "outputs": [
    "ProdRateProgVar [kg/m^3s]",
    "temperature [K]",
    "Y-CO",
    "density",
    "mu [kg/ms]",
    "cp [J/kgK]",
    "Diff [kg/ms]"
  ]
}