{
  "model": "gp_exact_rbf_cpu",
  "seed": 2,
  "n_train": 20000,
  "n_test": 16000,
  "device": "cpu",
  "hyperparams": {
    "kernel": "RBF",
    "l": 0.2,
    "sigma_f": 1.0,
    "sigma_n": 0.001,
    "x_scaler": "StandardScaler",
    "y_scaler": "StandardScaler",
    "transform": "signed_log1p"
  },
  "timing_sec": {
    "data_load": 0.3329639434814453,
    "train": 34.483914613723755,
    "infer": 2.800976037979126,
    "note": "For exact GP, 'train' includes building K, Cholesky/solve, and computing mean on test."
  },
  "model_size": {
    "K_train_bytes": 3200000000,
    "K_train_mb": 3051.7578125,
    "note": "Exact GP stores a dense N x N kernel matrix (dominant memory)."
  },
  "peak_memory": {
    "cpu_rss_peak_bytes": 14321278976,
    "cpu_rss_peak_mb": 13657.8359375
  },
  "metrics": {
    "rmse": [
      12.124179264098524,
      0.04188636683450251,
      1.2340670209446531e-05,
      4.2833195724605226e-05,
      1.035779930688637e-09,
      0.023538188095120517,
      1.2406636605264458e-09
    ],
    "rrmse": [
      0.020425858530340367,
      0.00010356112160818097,
      0.00263289823595338,
      6.325559349784866e-05,
      9.426550317875206e-05,
      0.00030803682991033135,
      8.958753650302672e-05
    ],
    "mae": [
      2.57227179172432,
      0.02067392635802703,
      5.855687095335613e-06,
      1.2835737067216726e-05,
      5.089338503315389e-10,
      0.007225677220334106,
      6.334901630962346e-10
    ],
    "r2": [
      0.9995827843032985,
      0.999999989275094,
      0.9999930678468761,
      0.9999999959987299,
      0.9999999911140179,
      0.9999999051133114,
      0.9999999919740747
    ],
    "p95_abs": [
      14.488468293401684,
      0.1002141803054769,
      2.7237888380184842e-05,
      4.557717256281619e-05,
      2.3317100646335306e-09,
      0.0236091277841183,
      2.6822050814697084e-09
    ],
    "max_abs": [
      209.48372999896583,
      0.7745186516004878,
      0.00013855073734940395,
      0.0013582729137135985,
      2.7749731853698935e-08,
      1.2332922401747055,
      3.545586078566572e-08
    ],
    "rmse_mean": 1.7413798564529321,
    "rrmse_mean": 0.0033882090501416986,
    "mae_mean": 0.3714557268384668,
    "r2_mean": 0.9999393893750577,
    "p95_abs_mean": 2.0874806316523054,
    "max_abs_mean": 30.21329111108538
  },
  "outputs": [
    "ProdRateProgVar [kg/m^3s]",
    "temperature [K]",
    "Y-CO",
    "density",
    "mu [kg/ms]",
    "cp [J/kgK]",
    "Diff [kg/ms]"
  ]
}