{
  "model": "gp_exact_rbf_cpu",
  "seed": 4,
  "n_train": 8000,
  "n_test": 16000,
  "device": "cpu",
  "hyperparams": {
    "kernel": "RBF",
    "l": 0.2,
    "sigma_f": 1.0,
    "sigma_n": 0.001,
    "x_scaler": "StandardScaler",
    "y_scaler": "StandardScaler",
    "transform": "signed_log1p"
  },
  "timing_sec": {
    "data_load": 0.34250617027282715,
    "train": 5.474771976470947,
    "infer": 1.3468708992004395,
    "note": "For exact GP, 'train' includes building K, Cholesky/solve, and computing mean on test."
  },
  "model_size": {
    "K_train_bytes": 512000000,
    "K_train_mb": 488.28125,
    "note": "Exact GP stores a dense N x N kernel matrix (dominant memory)."
  },
  "peak_memory": {
    "cpu_rss_peak_bytes": 4282540032,
    "cpu_rss_peak_mb": 4084.1484375
  },
  "metrics": {
    "rmse": [
      15.401437594814663,
      0.1308060729937807,
      1.7253990058869e-05,
      0.00018942763032680067,
      4.36517349722872e-09,
      0.05530188043311515,
      5.306119556116822e-09
    ],
    "rrmse": [
      0.02594712422366518,
      0.00032340889545089645,
      0.003681161494322986,
      0.00027974464614438454,
      0.00039727094915349703,
      0.0007237182347195341,
      0.00038315152973960015
    ],
    "mae": [
      3.045467730611832,
      0.02929588809876338,
      7.2709919626077095e-06,
      2.667611690472238e-05,
      7.924706348912308e-10,
      0.010279892616371087,
      9.718011912089867e-10
    ],
    "r2": [
      0.9993267467445217,
      0.9999998954066863,
      0.999986449050047,
      0.999999921742933,
      0.9999998421758459,
      0.9999994762319168,
      0.9999998531949319
    ],
    "p95_abs": [
      15.805255897197755,
      0.12302609318771826,
      3.255308222599221e-05,
      7.008265143578215e-05,
      2.957485187469534e-09,
      0.03105821824525492,
      3.4401001189603835e-09
    ],
    "max_abs": [
      448.50837519699144,
      9.784525782850892,
      0.0007462793400948489,
      0.011076179010761855,
      3.3243303099983446e-07,
      3.2976084600350077,
      4.0447294812329647e-07
    ],
    "rmse_mean": 2.226821748504748,
    "rrmse_mean": 0.004533654281885154,
    "mae_mean": 0.44072535145715797,
    "r2_mean": 0.9999017406495546,
    "p95_abs_mean": 2.2799204072517107,
    "max_abs_mean": 65.94319037644775
  },
  "outputs": [
    "ProdRateProgVar [kg/m^3s]",
    "temperature [K]",
    "Y-CO",
    "density",
    "mu [kg/ms]",
    "cp [J/kgK]",
    "Diff [kg/ms]"
  ]
}