{
  "model": "gp_exact_rbf_cpu",
  "seed": 0,
  "n_train": 16000,
  "n_test": 16000,
  "device": "cpu",
  "hyperparams": {
    "kernel": "RBF",
    "l": 0.2,
    "sigma_f": 1.0,
    "sigma_n": 0.001,
    "x_scaler": "StandardScaler",
    "y_scaler": "StandardScaler",
    "transform": "signed_log1p"
  },
  "timing_sec": {
    "data_load": 0.341977596282959,
    "train": 30.70212960243225,
    "infer": 3.495419979095459,
    "note": "For exact GP, 'train' includes building K, Cholesky/solve, and computing mean on test."
  },
  "model_size": {
    "K_train_bytes": 2048000000,
    "K_train_mb": 1953.125,
    "note": "Exact GP stores a dense N x N kernel matrix (dominant memory)."
  },
  "peak_memory": {
    "cpu_rss_peak_bytes": 10455232512,
    "cpu_rss_peak_mb": 9970.88671875
  },
  "metrics": {
    "rmse": [
      12.47071435441565,
      0.046686090393516295,
      1.2592256086110568e-05,
      6.064401006811126e-05,
      1.2364787889178683e-09,
      0.021867205415100982,
      1.4696852715338422e-09
    ],
    "rrmse": [
      0.021009673448977882,
      0.00011542810346279331,
      0.002686574413958078,
      8.955840870739147e-05,
      0.00011253094576731549,
      0.00028616920758068443,
      0.00010612504186318293
    ],
    "mae": [
      2.6366551644455014,
      0.02206518577003509,
      6.109921101903694e-06,
      1.4388522469678353e-05,
      5.497730161409695e-10,
      0.007379546057269962,
      6.762074224704732e-10
    ],
    "r2": [
      0.9995585936215673,
      0.9999999866763529,
      0.9999927823179152,
      0.9999999919792915,
      0.9999999873367905,
      0.9999999181071846,
      0.9999999887374775
    ],
    "p95_abs": [
      14.275167793614907,
      0.10285003905379425,
      2.8083062333653466e-05,
      4.986185846885815e-05,
      2.3858544554808546e-09,
      0.02425127892032605,
      2.7492663406325423e-09
    ],
    "max_abs": [
      270.89318964279664,
      1.3414387082116264,
      0.0001359736244553666,
      0.003000536668545717,
      4.407591640651103e-08,
      0.7302327268216686,
      5.518232830924852e-08
    ],
    "rmse_mean": 1.7913344127423692,
    "rrmse_mean": 0.0034865799386167608,
    "mae_mean": 0.38087434227747974,
    "r2_mean": 0.9999358926823686,
    "p95_abs_mean": 2.0574781516635645,
    "max_abs_mean": 38.99542824105446
  },
  "outputs": [
    "ProdRateProgVar [kg/m^3s]",
    "temperature [K]",
    "Y-CO",
    "density",
    "mu [kg/ms]",
    "cp [J/kgK]",
    "Diff [kg/ms]"
  ]
}