{
  "model": "gp_exact_rbf_cpu",
  "seed": 4,
  "n_train": 20000,
  "n_test": 16000,
  "device": "cpu",
  "hyperparams": {
    "kernel": "RBF",
    "l": 0.2,
    "sigma_f": 1.0,
    "sigma_n": 0.001,
    "x_scaler": "StandardScaler",
    "y_scaler": "StandardScaler",
    "transform": "signed_log1p"
  },
  "timing_sec": {
    "data_load": 0.33106374740600586,
    "train": 46.13778638839722,
    "infer": 3.9523909091949463,
    "note": "For exact GP, 'train' includes building K, Cholesky/solve, and computing mean on test."
  },
  "model_size": {
    "K_train_bytes": 3200000000,
    "K_train_mb": 3051.7578125,
    "note": "Exact GP stores a dense N x N kernel matrix (dominant memory)."
  },
  "peak_memory": {
    "cpu_rss_peak_bytes": 14308483072,
    "cpu_rss_peak_mb": 13645.6328125
  },
  "metrics": {
    "rmse": [
      11.255053069615737,
      0.04004756359344352,
      1.2181032074944886e-05,
      3.748160560788911e-05,
      9.568543290866215e-10,
      0.01864297441603103,
      1.1392865694234817e-09
    ],
    "rrmse": [
      0.018961623442189973,
      9.901480879921305e-05,
      0.0025988392297902844,
      5.5352423928933225e-05,
      8.7082547293757e-05,
      0.00024397471530122065,
      8.226716101471453e-05
    ],
    "mae": [
      2.442858732941067,
      0.02025367883337882,
      5.8557352852431625e-06,
      1.2379849557572826e-05,
      4.997160293188713e-10,
      0.006932907877101386,
      6.221132667045196e-10
    ],
    "r2": [
      0.9996404568364365,
      0.9999999901960677,
      0.9999932460346549,
      0.9999999969361092,
      0.9999999924166325,
      0.9999999404763383,
      0.9999999932321154
    ],
    "p95_abs": [
      14.060141218839265,
      0.09810425595718465,
      2.691773950692052e-05,
      4.624656080831621e-05,
      2.2924777599337427e-09,
      0.02347935397559695,
      2.668935041921841e-09
    ],
    "max_abs": [
      207.2279947419711,
      0.31607676902899584,
      0.00013595068263628704,
      0.0012548890393579981,
      9.435716032047314e-09,
      0.556032638293118,
      1.1570526522513495e-08
    ],
    "rmse_mean": 1.6162561817655763,
    "rrmse_mean": 0.0031611649040454424,
    "mae_mean": 0.35286622233688847,
    "r2_mean": 0.9999476594469077,
    "p95_abs_mean": 2.0259711425762537,
    "max_abs_mean": 29.72878500143164
  },
  "outputs": [
    "ProdRateProgVar [kg/m^3s]",
    "temperature [K]",
    "Y-CO",
    "density",
    "mu [kg/ms]",
    "cp [J/kgK]",
    "Diff [kg/ms]"
  ]
}