{
  "model": "gp_exact_rbf_cpu",
  "seed": 2,
  "n_train": 24000,
  "n_test": 16000,
  "device": "cpu",
  "hyperparams": {
    "kernel": "RBF",
    "l": 0.2,
    "sigma_f": 1.0,
    "sigma_n": 0.001,
    "x_scaler": "StandardScaler",
    "y_scaler": "StandardScaler",
    "transform": "signed_log1p"
  },
  "timing_sec": {
    "data_load": 0.32346129417419434,
    "train": 321.969605922699,
    "infer": 6.867801904678345,
    "note": "For exact GP, 'train' includes building K, Cholesky/solve, and computing mean on test."
  },
  "model_size": {
    "K_train_bytes": 4608000000,
    "K_train_mb": 4394.53125,
    "note": "Exact GP stores a dense N x N kernel matrix (dominant memory)."
  },
  "peak_memory": {
    "cpu_rss_peak_bytes": 18663051264,
    "cpu_rss_peak_mb": 17798.47265625
  },
  "metrics": {
    "rmse": [
      11.800956134352292,
      0.0394762955949332,
      1.1970420465089333e-05,
      3.677901614579317e-05,
      9.462815232805732e-10,
      0.02296337625808843,
      1.1268237660074152e-09
    ],
    "rrmse": [
      0.019881317759528755,
      9.760238850269172e-05,
      0.002553904965552714,
      5.431484751983324e-05,
      8.612032469242146e-05,
      0.0003005144490304282,
      8.13672298798789e-05
    ],
    "mae": [
      2.503665696513064,
      0.01980322814752084,
      5.6793393220466945e-06,
      1.1793927301920755e-05,
      4.839370844259989e-10,
      0.006933843514434571,
      6.064024680992397e-10
    ],
    "r2": [
      0.9996047332041447,
      0.9999999904737737,
      0.9999934775694241,
      0.9999999970498974,
      0.9999999925832922,
      0.9999999096910659,
      0.9999999933793751
    ],
    "p95_abs": [
      13.870883111865533,
      0.09666575098359542,
      2.640410851536823e-05,
      4.308224808332594e-05,
      2.255260247832058e-09,
      0.022611405530767546,
      2.604010274299467e-09
    ],
    "max_abs": [
      196.7679266791356,
      0.6367262533829035,
      0.00013356480550451094,
      0.0012334575250516622,
      2.1732917992421934e-08,
      1.238556738364423,
      2.371664667103889e-08
    ],
    "rmse_mean": 1.6947777939592898,
    "rrmse_mean": 0.003293591709243817,
    "mae_mean": 0.3614886060759975,
    "r2_mean": 0.999942584850139,
    "p95_abs_mean": 1.9986042513708235,
    "max_abs_mean": 28.377796676951863
  },
  "outputs": [
    "ProdRateProgVar [kg/m^3s]",
    "temperature [K]",
    "Y-CO",
    "density",
    "mu [kg/ms]",
    "cp [J/kgK]",
    "Diff [kg/ms]"
  ]
}