{
  "model": "gp_exact_rbf_cpu",
  "seed": 1,
  "n_train": 24000,
  "n_test": 16000,
  "device": "cpu",
  "hyperparams": {
    "kernel": "RBF",
    "l": 0.2,
    "sigma_f": 1.0,
    "sigma_n": 0.001,
    "x_scaler": "StandardScaler",
    "y_scaler": "StandardScaler",
    "transform": "signed_log1p"
  },
  "timing_sec": {
    "data_load": 1.722843885421753,
    "train": 74.1610336303711,
    "infer": 3.602583885192871,
    "note": "For exact GP, 'train' includes building K, Cholesky/solve, and computing mean on test."
  },
  "model_size": {
    "K_train_bytes": 4608000000,
    "K_train_mb": 4394.53125,
    "note": "Exact GP stores a dense N x N kernel matrix (dominant memory)."
  },
  "peak_memory": {
    "cpu_rss_peak_bytes": 18678984704,
    "cpu_rss_peak_mb": 17813.66796875
  },
  "metrics": {
    "rmse": [
      12.083348159114372,
      0.03892442976519564,
      1.1827380027854946e-05,
      3.291877004506005e-05,
      9.259552240820985e-10,
      0.01811305825693669,
      1.1027664294891561e-09
    ],
    "rrmse": [
      0.02035706951329627,
      9.623793871570819e-05,
      0.0025233870999528266,
      4.861407843130686e-05,
      8.427044445730995e-05,
      0.00023703986997217352,
      7.963006485919907e-05
    ],
    "mae": [
      2.4955891480729644,
      0.019640073252879843,
      5.693225166874265e-06,
      1.137304205207127e-05,
      4.797226593236416e-10,
      0.006672602275136924,
      6.016068423817e-10
    ],
    "r2": [
      0.9995855897208308,
      0.9999999907382592,
      0.9999936325175411,
      0.9999999976366714,
      0.9999999928984946,
      0.9999999438121,
      0.9999999936590539
    ],
    "p95_abs": [
      13.243378801211293,
      0.0970318892757859,
      2.6864929123385023e-05,
      4.3156952991069134e-05,
      2.2635248487548305e-09,
      0.02202795311605995,
      2.5803190160987662e-09
    ],
    "max_abs": [
      241.31094590171688,
      0.5192048549725996,
      0.00012970615588454837,
      0.0014381651854549204,
      1.8987050979760872e-08,
      0.711430873981044,
      2.342879778508331e-08
    ],
    "rmse_mean": 1.734347199330757,
    "rrmse_mean": 0.003346607001383541,
    "mae_mean": 0.36027412727850416,
    "r2_mean": 0.9999398772832786,
    "p95_abs_mean": 1.9089298100470138,
    "max_abs_mean": 34.64902136348967
  },
  "outputs": [
    "ProdRateProgVar [kg/m^3s]",
    "temperature [K]",
    "Y-CO",
    "density",
    "mu [kg/ms]",
    "cp [J/kgK]",
    "Diff [kg/ms]"
  ]
}