{
  "model": "gp_exact_rbf_cpu",
  "seed": 4,
  "n_train": 24000,
  "n_test": 16000,
  "device": "cpu",
  "hyperparams": {
    "kernel": "RBF",
    "l": 0.2,
    "sigma_f": 1.0,
    "sigma_n": 0.001,
    "x_scaler": "StandardScaler",
    "y_scaler": "StandardScaler",
    "transform": "signed_log1p"
  },
  "timing_sec": {
    "data_load": 0.3458724021911621,
    "train": 84.77834606170654,
    "infer": 3.686335802078247,
    "note": "For exact GP, 'train' includes building K, Cholesky/solve, and computing mean on test."
  },
  "model_size": {
    "K_train_bytes": 4608000000,
    "K_train_mb": 4394.53125,
    "note": "Exact GP stores a dense N x N kernel matrix (dominant memory)."
  },
  "peak_memory": {
    "cpu_rss_peak_bytes": 18676617216,
    "cpu_rss_peak_mb": 17811.41015625
  },
  "metrics": {
    "rmse": [
      11.111214477810133,
      0.038683993731965204,
      1.184842203329013e-05,
      3.438607861863184e-05,
      9.185965748768077e-10,
      0.018244976144002053,
      1.0933914063628413e-09
    ],
    "rrmse": [
      0.018719295556448082,
      9.564347738716309e-05,
      0.0025278764395146934,
      5.078098363405007e-05,
      8.360073967784828e-05,
      0.00023876623767625808,
      7.895310038182487e-05
    ],
    "mae": [
      2.3741898218711994,
      0.019514374127430897,
      5.670309301742902e-06,
      1.1546270754202954e-05,
      4.792057678436829e-10,
      0.006750782194124411,
      5.982648947634735e-10
    ],
    "r2": [
      0.9996495879738704,
      0.9999999908523253,
      0.9999936098407038,
      0.9999999974212918,
      0.9999999930109187,
      0.9999999429906837,
      0.999999993766409
    ],
    "p95_abs": [
      13.28336102359549,
      0.09559490614004744,
      2.643903407807879e-05,
      4.407380891119361e-05,
      2.2265601855979963e-09,
      0.02252663781086994,
      2.557457848112161e-09
    ],
    "max_abs": [
      209.2266145120775,
      0.32647407887179725,
      0.00013173371445670537,
      0.0013458975152760289,
      8.873070595905432e-09,
      0.5447570191552131,
      1.0867271640911441e-08
    ],
    "rmse_mean": 1.595455669171249,
    "rrmse_mean": 0.003113559504959989,
    "mae_mean": 0.342924599407183,
    "r2_mean": 0.999949016550886,
    "p95_abs_mean": 1.9145075835962022,
    "max_abs_mean": 30.01418903729637
  },
  "outputs": [
    "ProdRateProgVar [kg/m^3s]",
    "temperature [K]",
    "Y-CO",
    "density",
    "mu [kg/ms]",
    "cp [J/kgK]",
    "Diff [kg/ms]"
  ]
}