{
  "model": "gp_exact_rbf_cpu",
  "seed": 0,
  "n_train": 12000,
  "n_test": 16000,
  "device": "cpu",
  "hyperparams": {
    "kernel": "RBF",
    "l": 0.2,
    "sigma_f": 1.0,
    "sigma_n": 0.001,
    "x_scaler": "StandardScaler",
    "y_scaler": "StandardScaler",
    "transform": "signed_log1p"
  },
  "timing_sec": {
    "data_load": 0.3276243209838867,
    "train": 9.610402822494507,
    "infer": 1.6760509014129639,
    "note": "For exact GP, 'train' includes building K, Cholesky/solve, and computing mean on test."
  },
  "model_size": {
    "K_train_bytes": 1152000000,
    "K_train_mb": 1098.6328125,
    "note": "Exact GP stores a dense N x N kernel matrix (dominant memory)."
  },
  "peak_memory": {
    "cpu_rss_peak_bytes": 7119548416,
    "cpu_rss_peak_mb": 6789.73046875
  },
  "metrics": {
    "rmse": [
      14.876868253166158,
      0.087395792778214,
      1.483854309474639e-05,
      0.00011730661995221914,
      2.784943248766804e-09,
      0.031551344833655875,
      3.254253172387544e-09
    ],
    "rrmse": [
      0.025063371276066147,
      0.00021608000425791765,
      0.003165822704537549,
      0.00017323712930533594,
      0.0002534554579511233,
      0.0004129024801183324,
      0.00023498755879385668
    ],
    "mae": [
      2.8916823591705603,
      0.02532880639336378,
      6.632337162553639e-06,
      1.9018414501933824e-05,
      6.564002306417345e-10,
      0.008311855230871999,
      7.999655716990014e-10
    ],
    "r2": [
      0.9993718274202781,
      0.9999999533094318,
      0.9999899775665992,
      0.9999999699888971,
      0.9999999357603524,
      0.9999998295115419,
      0.9999999447808572
    ],
    "p95_abs": [
      15.245254709467467,
      0.10886749885527251,
      2.9474029455202928e-05,
      5.6944480079956754e-05,
      2.5292682438845993e-09,
      0.02617423864357988,
      2.9306760656362254e-09
    ],
    "max_abs": [
      324.95562091656393,
      4.338669837046837,
      0.0003315921165816431,
      0.006155930189202907,
      1.572235483082203e-07,
      1.3267466143381625,
      1.8799485187768008e-07
    ],
    "rmse_mean": 2.142278220282896,
    "rrmse_mean": 0.004217122373004324,
    "mae_mean": 0.417906953286118,
    "r2_mean": 0.9999087769054225,
    "p95_abs_mean": 2.1971975529908283,
    "max_abs_mean": 47.232503605067585
  },
  "outputs": [
    "ProdRateProgVar [kg/m^3s]",
    "temperature [K]",
    "Y-CO",
    "density",
    "mu [kg/ms]",
    "cp [J/kgK]",
    "Diff [kg/ms]"
  ]
}