{
  "model": "gp_exact_rbf_cpu",
  "seed": 2,
  "n_train": 12000,
  "n_test": 16000,
  "device": "cpu",
  "hyperparams": {
    "kernel": "RBF",
    "l": 0.2,
    "sigma_f": 1.0,
    "sigma_n": 0.001,
    "x_scaler": "StandardScaler",
    "y_scaler": "StandardScaler",
    "transform": "signed_log1p"
  },
  "timing_sec": {
    "data_load": 0.3242664337158203,
    "train": 14.053826093673706,
    "infer": 3.392709493637085,
    "note": "For exact GP, 'train' includes building K, Cholesky/solve, and computing mean on test."
  },
  "model_size": {
    "K_train_bytes": 1152000000,
    "K_train_mb": 1098.6328125,
    "note": "Exact GP stores a dense N x N kernel matrix (dominant memory)."
  },
  "peak_memory": {
    "cpu_rss_peak_bytes": 7110832128,
    "cpu_rss_peak_mb": 6781.41796875
  },
  "metrics": {
    "rmse": [
      15.909114716987187,
      0.0681642633894452,
      1.398531930214972e-05,
      9.566849946163125e-05,
      2.0895884108984134e-09,
      0.023604208645929336,
      2.6187073841211667e-09
    ],
    "rrmse": [
      0.02680241849560758,
      0.0001685313886997632,
      0.0029837862850988694,
      0.00014128219036941528,
      0.00019017177023199179,
      0.00030890081999732956,
      0.00018909520027865753
    ],
    "mae": [
      3.125446158265049,
      0.024458086749152685,
      6.590300099212541e-06,
      1.73512660221036e-05,
      6.184296564343325e-10,
      0.007817744518221871,
      7.662972818326416e-10
    ],
    "r2": [
      0.9992816303627863,
      0.999999971597171,
      0.999991097019401,
      0.9999999800393427,
      0.9999999638347099,
      0.9999999045802834,
      0.9999999642430117
    ],
    "p95_abs": [
      16.169371169803846,
      0.11269100639825637,
      2.9619264372459294e-05,
      5.647999621115613e-05,
      2.603590456326764e-09,
      0.027182655748549677,
      3.023625075374001e-09
    ],
    "max_abs": [
      359.5398588581065,
      4.3967149416298525,
      0.00019762889448213142,
      0.005173109268099996,
      1.4971472561995736e-07,
      0.8622330981293089,
      1.908270465333597e-07
    ],
    "rmse_mean": 2.2858561210785173,
    "rrmse_mean": 0.004397740878611943,
    "mae_mean": 0.4511065617833246,
    "r2_mean": 0.9998960730966723,
    "p95_abs_mean": 2.3299044195483503,
    "max_abs_mean": 52.114882568081434
  },
  "outputs": [
    "ProdRateProgVar [kg/m^3s]",
    "temperature [K]",
    "Y-CO",
    "density",
    "mu [kg/ms]",
    "cp [J/kgK]",
    "Diff [kg/ms]"
  ]
}