{
  "model": "gp_exact_rbf_cpu",
  "seed": 2,
  "n_train": 16000,
  "n_test": 16000,
  "device": "cpu",
  "hyperparams": {
    "kernel": "RBF",
    "l": 0.2,
    "sigma_f": 1.0,
    "sigma_n": 0.001,
    "x_scaler": "StandardScaler",
    "y_scaler": "StandardScaler",
    "transform": "signed_log1p"
  },
  "timing_sec": {
    "data_load": 0.3323655128479004,
    "train": 21.811564445495605,
    "infer": 2.3944931030273438,
    "note": "For exact GP, 'train' includes building K, Cholesky/solve, and computing mean on test."
  },
  "model_size": {
    "K_train_bytes": 2048000000,
    "K_train_mb": 1953.125,
    "note": "Exact GP stores a dense N x N kernel matrix (dominant memory)."
  },
  "peak_memory": {
    "cpu_rss_peak_bytes": 10464305152,
    "cpu_rss_peak_mb": 9979.5390625
  },
  "metrics": {
    "rmse": [
      13.577374792918299,
      0.04454077798791736,
      1.2922733489787372e-05,
      6.745778080486745e-05,
      1.1441215928515486e-09,
      0.02078246384608338,
      1.3705525208757721e-09
    ],
    "rrmse": [
      0.02287408744893537,
      0.00011012396811485083,
      0.0027570822031134073,
      9.962091057353629e-05,
      0.00010412559121137034,
      0.00027197353742791647,
      9.896672877576902e-05
    ],
    "mae": [
      2.8073495276249356,
      0.021888501577658592,
      6.136947756584735e-06,
      1.4421259442193392e-05,
      5.420316697237319e-10,
      0.007424703053887029,
      6.739822686906229e-10
    ],
    "r2": [
      0.9994767761233785,
      0.9999999878727116,
      0.999992398497722,
      0.9999999900756742,
      0.9999999891578649,
      0.9999999260303949,
      0.9999999902055884
    ],
    "p95_abs": [
      15.079897999424498,
      0.10393555499505282,
      2.8030892287457688e-05,
      4.978134340164474e-05,
      2.4205343087407996e-09,
      0.02518712927372917,
      2.8396527373145333e-09
    ],
    "max_abs": [
      280.01437521883327,
      0.8874634980147675,
      0.00013838161087679232,
      0.004271107277036279,
      3.082002378957879e-08,
      0.6931610504755099,
      3.4032671389153666e-08
    ],
    "rmse_mean": 1.9489683453973239,
    "rrmse_mean": 0.0037594257697360313,
    "mae_mean": 0.4052404702399563,
    "r2_mean": 0.9999241511376191,
    "p95_abs_mean": 2.1727283573127365,
    "max_abs_mean": 40.22848704586631
  },
  "outputs": [
    "ProdRateProgVar [kg/m^3s]",
    "temperature [K]",
    "Y-CO",
    "density",
    "mu [kg/ms]",
    "cp [J/kgK]",
    "Diff [kg/ms]"
  ]
}