{
  "model": "gp_exact_rbf_cpu",
  "seed": 4,
  "n_train": 12000,
  "n_test": 16000,
  "device": "cpu",
  "hyperparams": {
    "kernel": "RBF",
    "l": 0.2,
    "sigma_f": 1.0,
    "sigma_n": 0.001,
    "x_scaler": "StandardScaler",
    "y_scaler": "StandardScaler",
    "transform": "signed_log1p"
  },
  "timing_sec": {
    "data_load": 0.3365023136138916,
    "train": 13.379858255386353,
    "infer": 2.4089553356170654,
    "note": "For exact GP, 'train' includes building K, Cholesky/solve, and computing mean on test."
  },
  "model_size": {
    "K_train_bytes": 1152000000,
    "K_train_mb": 1098.6328125,
    "note": "Exact GP stores a dense N x N kernel matrix (dominant memory)."
  },
  "peak_memory": {
    "cpu_rss_peak_bytes": 7110873088,
    "cpu_rss_peak_mb": 6781.45703125
  },
  "metrics": {
    "rmse": [
      12.680729676609493,
      0.05186114266975081,
      1.3582497455142569e-05,
      6.890205218767366e-05,
      1.4664150987873448e-09,
      0.024828648927208655,
      1.7659247940759638e-09
    ],
    "rrmse": [
      0.021363490657292993,
      0.00012822305940216492,
      0.002897843713715935,
      0.00010175379470571149,
      0.0001334572654484673,
      0.00032492468305491063,
      0.00012751631000762118
    ],
    "mae": [
      2.691734048828549,
      0.02328129391945276,
      6.5256538108874025e-06,
      1.6086907882665952e-05,
      5.877951175770121e-10,
      0.00799567454966305,
      7.190572243975732e-10
    ],
    "r2": [
      0.9995436012669358,
      0.999999983558847,
      0.9999916025018073,
      0.9999999896461652,
      0.9999999821891643,
      0.9999998944239503,
      0.9999999837395936
    ],
    "p95_abs": [
      14.621730719237888,
      0.10937578351588399,
      3.0550394676392104e-05,
      5.637223894385249e-05,
      2.537397441980185e-09,
      0.02726606436629023,
      2.999552633647259e-09
    ],
    "max_abs": [
      275.5967607975963,
      2.2296343391261644,
      0.00018339784493019966,
      0.0030043255838623217,
      8.461428631110286e-08,
      0.7140653437036235,
      1.0752829514920154e-07
    ],
    "rmse_mean": 1.8225002794269192,
    "rrmse_mean": 0.0035824584976611147,
    "mae_mean": 0.38900480445231583,
    "r2_mean": 0.9999335767609233,
    "p95_abs_mean": 2.1083513564700906,
    "max_abs_mean": 39.791949770856775
  },
  "outputs": [
    "ProdRateProgVar [kg/m^3s]",
    "temperature [K]",
    "Y-CO",
    "density",
    "mu [kg/ms]",
    "cp [J/kgK]",
    "Diff [kg/ms]"
  ]
}