{
  "model": "gp_exact_rbf_cpu",
  "seed": 1,
  "n_train": 12000,
  "n_test": 16000,
  "device": "cpu",
  "hyperparams": {
    "kernel": "RBF",
    "l": 0.2,
    "sigma_f": 1.0,
    "sigma_n": 0.001,
    "x_scaler": "StandardScaler",
    "y_scaler": "StandardScaler",
    "transform": "signed_log1p"
  },
  "timing_sec": {
    "data_load": 0.32674121856689453,
    "train": 9.370103597640991,
    "infer": 1.6728484630584717,
    "note": "For exact GP, 'train' includes building K, Cholesky/solve, and computing mean on test."
  },
  "model_size": {
    "K_train_bytes": 1152000000,
    "K_train_mb": 1098.6328125,
    "note": "Exact GP stores a dense N x N kernel matrix (dominant memory)."
  },
  "peak_memory": {
    "cpu_rss_peak_bytes": 7119646720,
    "cpu_rss_peak_mb": 6789.82421875
  },
  "metrics": {
    "rmse": [
      13.389183878502994,
      0.05980153894302125,
      1.3322326723135809e-05,
      0.00014108789138959956,
      1.925241528325332e-09,
      0.02775459722550409,
      2.353358195030373e-09
    ],
    "rrmse": [
      0.022557038277126688,
      0.00014785513556962932,
      0.002842335945521713,
      0.00020835705004570697,
      0.0001752146918772193,
      0.0003632156438818952,
      0.00016993450353218156
    ],
    "mae": [
      2.7698107528252405,
      0.023515221477499702,
      6.360464663318054e-06,
      1.8281364987461946e-05,
      6.005649991791462e-10,
      0.007788654158610584,
      7.404931846421321e-10
    ],
    "r2": [
      0.9994911800241643,
      0.9999999781388589,
      0.9999919211263694,
      0.9999999565873396,
      0.999999969299822,
      0.999999868074396,
      0.9999999711222698
    ],
    "p95_abs": [
      14.94274023340806,
      0.10898148607226402,
      2.911561650519055e-05,
      5.340170656804033e-05,
      2.55302051659729e-09,
      0.025305427231558028,
      2.958538075613912e-09
    ],
    "max_abs": [
      361.3233263383463,
      2.678950996251956,
      0.0001527821843070289,
      0.008230924163097786,
      1.0453194586680837e-07,
      1.0658811450505254,
      1.2992544577629817e-07
    ],
    "rmse_mean": 1.925270632738319,
    "rrmse_mean": 0.0037805644639364337,
    "mae_mean": 0.4001627530902942,
    "r2_mean": 0.9999261206247457,
    "p95_abs_mean": 2.153872809935216,
    "max_abs_mean": 52.153791774350516
  },
  "outputs": [
    "ProdRateProgVar [kg/m^3s]",
    "temperature [K]",
    "Y-CO",
    "density",
    "mu [kg/ms]",
    "cp [J/kgK]",
    "Diff [kg/ms]"
  ]
}