{
  "model": "gp_exact_rbf_cpu",
  "seed": 3,
  "n_train": 12000,
  "n_test": 16000,
  "device": "cpu",
  "hyperparams": {
    "kernel": "RBF",
    "l": 0.2,
    "sigma_f": 1.0,
    "sigma_n": 0.001,
    "x_scaler": "StandardScaler",
    "y_scaler": "StandardScaler",
    "transform": "signed_log1p"
  },
  "timing_sec": {
    "data_load": 0.34685492515563965,
    "train": 10.311250686645508,
    "infer": 1.8680477142333984,
    "note": "For exact GP, 'train' includes building K, Cholesky/solve, and computing mean on test."
  },
  "model_size": {
    "K_train_bytes": 1152000000,
    "K_train_mb": 1098.6328125,
    "note": "Exact GP stores a dense N x N kernel matrix (dominant memory)."
  },
  "peak_memory": {
    "cpu_rss_peak_bytes": 7118782464,
    "cpu_rss_peak_mb": 6789.0
  },
  "metrics": {
    "rmse": [
      12.59495452628242,
      0.06817564165094984,
      1.3344797845987202e-05,
      0.0002344584830561011,
      2.714283053658483e-09,
      0.03327833076570803,
      3.3547395717237504e-09
    ],
    "rrmse": [
      0.021218983466510397,
      0.0001685595206580213,
      0.002847130189165793,
      0.0003462457153949762,
      0.00024702473010127375,
      0.0004355029993111993,
      0.00024224361799427701
    ],
    "mae": [
      2.7650926068544472,
      0.023966604369406477,
      6.495897820639827e-06,
      2.0323627735384166e-05,
      6.22035923067528e-10,
      0.008283673537095481,
      7.650765175550852e-10
    ],
    "r2": [
      0.999549754740648,
      0.9999999715876879,
      0.9999918938496825,
      0.9999998801139046,
      0.9999999389788032,
      0.9999998103371376,
      0.9999999413180402
    ],
    "p95_abs": [
      16.81505902386439,
      0.11064172306849963,
      3.0372959233043097e-05,
      5.470917037061481e-05,
      2.6102906185901496e-09,
      0.02656763805503031,
      3.011376140015294e-09
    ],
    "max_abs": [
      332.06473104635916,
      3.7291858638376425,
      0.00013792139713739127,
      0.01877177555793308,
      1.7663043895617972e-07,
      1.9082149551843486,
      2.1844051244670728e-07
    ],
    "rmse_mean": 1.8138080440070004,
    "rrmse_mean": 0.0036436700341622775,
    "mae_mean": 0.39962424366765964,
    "r2_mean": 0.9999344558465577,
    "p95_abs_mean": 2.4217647818198844,
    "max_abs_mean": 48.245863136772456
  },
  "outputs": [
    "ProdRateProgVar [kg/m^3s]",
    "temperature [K]",
    "Y-CO",
    "density",
    "mu [kg/ms]",
    "cp [J/kgK]",
    "Diff [kg/ms]"
  ]
}