{
  "model": "gp_exact_rbf_cpu",
  "seed": 4,
  "n_train": 16000,
  "n_test": 16000,
  "device": "cpu",
  "hyperparams": {
    "kernel": "RBF",
    "l": 0.2,
    "sigma_f": 1.0,
    "sigma_n": 0.001,
    "x_scaler": "StandardScaler",
    "y_scaler": "StandardScaler",
    "transform": "signed_log1p"
  },
  "timing_sec": {
    "data_load": 0.34576964378356934,
    "train": 31.225038528442383,
    "infer": 3.3649818897247314,
    "note": "For exact GP, 'train' includes building K, Cholesky/solve, and computing mean on test."
  },
  "model_size": {
    "K_train_bytes": 2048000000,
    "K_train_mb": 1953.125,
    "note": "Exact GP stores a dense N x N kernel matrix (dominant memory)."
  },
  "peak_memory": {
    "cpu_rss_peak_bytes": 10452602880,
    "cpu_rss_peak_mb": 9968.37890625
  },
  "metrics": {
    "rmse": [
      12.067524197959827,
      0.04287282489794437,
      1.2676587464597727e-05,
      4.3424147869575786e-05,
      1.0538396819187945e-09,
      0.019316308343932498,
      1.2589354444227653e-09
    ],
    "rrmse": [
      0.020330410554789326,
      0.00010600007039247427,
      0.0027045666245824568,
      6.412830514185674e-05,
      9.590910669582545e-05,
      0.00025278642365292835,
      9.090693043618372e-05
    ],
    "mae": [
      2.5670437510543507,
      0.021373293196222477,
      6.08778750335567e-06,
      1.3547863433682167e-05,
      5.307384381949591e-10,
      0.00720462518816278,
      6.574553480985176e-10
    ],
    "r2": [
      0.9995866744066737,
      0.9999999887639851,
      0.9999926853193701,
      0.9999999958875605,
      0.9999999908014463,
      0.999999936099024,
      0.9999999917359315
    ],
    "p95_abs": [
      14.43642050536118,
      0.10205910166076809,
      2.7949142060391604e-05,
      5.032271884907732e-05,
      2.400339893066807e-09,
      0.025085755154248088,
      2.8005359420237652e-09
    ],
    "max_abs": [
      265.02350143789954,
      0.5293080641221195,
      0.00014056078565573542,
      0.0013810301832060112,
      1.896198137845876e-08,
      0.5475565970155003,
      2.27987068285746e-08
    ],
    "rmse_mean": 1.7328242048928308,
    "rrmse_mean": 0.003377815430813007,
    "mae_mean": 0.3708059008968382,
    "r2_mean": 0.9999398947162844,
    "p95_abs_mean": 2.0805205198911403,
    "max_abs_mean": 38.01455539025239
  },
  "outputs": [
    "ProdRateProgVar [kg/m^3s]",
    "temperature [K]",
    "Y-CO",
    "density",
    "mu [kg/ms]",
    "cp [J/kgK]",
    "Diff [kg/ms]"
  ]
}