{
  "model": "gp_exact_rbf_cpu",
  "seed": 1,
  "n_train": 4000,
  "n_test": 16000,
  "device": "cpu",
  "hyperparams": {
    "kernel": "RBF",
    "l": 0.2,
    "sigma_f": 1.0,
    "sigma_n": 0.001,
    "x_scaler": "StandardScaler",
    "y_scaler": "StandardScaler",
    "transform": "signed_log1p"
  },
  "timing_sec": {
    "data_load": 0.442852258682251,
    "train": 0.7990880012512207,
    "infer": 1.0160133838653564,
    "note": "For exact GP, 'train' includes building K, Cholesky/solve, and computing mean on test."
  },
  "model_size": {
    "K_train_bytes": 128000000,
    "K_train_mb": 122.0703125,
    "note": "Exact GP stores a dense N x N kernel matrix (dominant memory)."
  },
  "peak_memory": {
    "cpu_rss_peak_bytes": 1959059456,
    "cpu_rss_peak_mb": 1868.3046875
  },
  "metrics": {
    "rmse": [
      24.264861108403174,
      1.2643008074700472,
      8.373236001491623e-05,
      0.0027403633269167207,
      4.822899803997553e-08,
      0.39503558791931487,
      5.943620410858405e-08
    ],
    "rrmse": [
      0.04087951930290541,
      0.0031258955972251023,
      0.01786440924470452,
      0.004046938495048606,
      0.004389282542887964,
      0.0051697059141801675,
      0.0042918506236570945
    ],
    "mae": [
      4.3375309430585745,
      0.09875326558233043,
      1.3736479903704738e-05,
      0.0001706006630902012,
      3.338575724792495e-09,
      0.03131693393050935,
      4.122960570164113e-09
    ],
    "r2": [
      0.9983288649015634,
      0.9999902287767153,
      0.9996808628822025,
      0.9999836222888172,
      0.9999807342052253,
      0.9999732741407609,
      0.9999815800215669
    ],
    "p95_abs": [
      20.995150440225128,
      0.16659830763148872,
      4.2170217028325315e-05,
      0.00012075033990209815,
      4.090843542795926e-09,
      0.04614334509353739,
      4.872373808965788e-09
    ],
    "max_abs": [
      852.9113880339964,
      63.61230625001485,
      0.002793490360552548,
      0.1793374141307158,
      2.7651741217794997e-06,
      23.29214937581196,
      3.448619544053861e-06
    ],
    "rmse_mean": 3.7038602438778097,
    "rrmse_mean": 0.011395371674372696,
    "mae_mean": 0.6382550695965635,
    "r2_mean": 0.9997027381738358,
    "p95_abs_mean": 3.029722146067186,
    "max_abs_mean": 134.28542582544404
  },
  "outputs": [
    "ProdRateProgVar [kg/m^3s]",
    "temperature [K]",
    "Y-CO",
    "density",
    "mu [kg/ms]",
    "cp [J/kgK]",
    "Diff [kg/ms]"
  ]
}