{
  "model": "gp_exact_rbf_cpu",
  "seed": 3,
  "n_train": 16000,
  "n_test": 16000,
  "device": "cpu",
  "hyperparams": {
    "kernel": "RBF",
    "l": 0.2,
    "sigma_f": 1.0,
    "sigma_n": 0.001,
    "x_scaler": "StandardScaler",
    "y_scaler": "StandardScaler",
    "transform": "signed_log1p"
  },
  "timing_sec": {
    "data_load": 0.33600759506225586,
    "train": 21.663594007492065,
    "infer": 2.251472234725952,
    "note": "For exact GP, 'train' includes building K, Cholesky/solve, and computing mean on test."
  },
  "model_size": {
    "K_train_bytes": 2048000000,
    "K_train_mb": 1953.125,
    "note": "Exact GP stores a dense N x N kernel matrix (dominant memory)."
  },
  "peak_memory": {
    "cpu_rss_peak_bytes": 10464477184,
    "cpu_rss_peak_mb": 9979.703125
  },
  "metrics": {
    "rmse": [
      11.983158123681553,
      0.0465466149142178,
      1.2779165037178379e-05,
      8.193024198625135e-05,
      1.3287413207262141e-09,
      0.021824716184077553,
      1.6180604606060044e-09
    ],
    "rrmse": [
      0.02018827726391404,
      0.00011508326006470005,
      0.002726451684738204,
      0.00012099368246029823,
      0.00012092768500484545,
      0.0002856131644401974,
      0.00011683912021501071
    ],
    "mae": [
      2.6508588457969373,
      0.021984544495700673,
      6.155231607056174e-06,
      1.5002318217764147e-05,
      5.500103185795926e-10,
      0.007504144866616159,
      6.795972395832645e-10
    ],
    "r2": [
      0.9995924334611154,
      0.9999999867558432,
      0.9999925664612076,
      0.9999999853605288,
      0.9999999853764999,
      0.9999999184251203,
      0.9999999863486224
    ],
    "p95_abs": [
      15.578138829314153,
      0.10561654783899711,
      2.8566311086109178e-05,
      5.0364103590933e-05,
      2.5076782618454977e-09,
      0.025187952016233337,
      2.8485992757227776e-09
    ],
    "max_abs": [
      264.26920298812456,
      1.3793096134438656,
      0.00013723301179103067,
      0.004918771576664316,
      6.18574530196909e-08,
      0.593163305109556,
      7.856672593119316e-08
    ],
    "rmse_mean": 1.7216605953048105,
    "rrmse_mean": 0.003382026551548186,
    "mae_mean": 0.3829098134198124,
    "r2_mean": 0.9999406945984198,
    "p95_abs_mean": 2.2441460378486195,
    "max_abs_mean": 38.0352474359558
  },
  "outputs": [
    "ProdRateProgVar [kg/m^3s]",
    "temperature [K]",
    "Y-CO",
    "density",
    "mu [kg/ms]",
    "cp [J/kgK]",
    "Diff [kg/ms]"
  ]
}