{
  "model": "gp_exact_rbf_cpu",
  "seed": 0,
  "n_train": 4000,
  "n_test": 16000,
  "device": "cpu",
  "hyperparams": {
    "kernel": "RBF",
    "l": 0.2,
    "sigma_f": 1.0,
    "sigma_n": 0.001,
    "x_scaler": "StandardScaler",
    "y_scaler": "StandardScaler",
    "transform": "signed_log1p"
  },
  "timing_sec": {
    "data_load": 1.7801709175109863,
    "train": 0.8879451751708984,
    "infer": 0.857379674911499,
    "note": "For exact GP, 'train' includes building K, Cholesky/solve, and computing mean on test."
  },
  "model_size": {
    "K_train_bytes": 128000000,
    "K_train_mb": 122.0703125,
    "note": "Exact GP stores a dense N x N kernel matrix (dominant memory)."
  },
  "peak_memory": {
    "cpu_rss_peak_bytes": 1959907328,
    "cpu_rss_peak_mb": 1869.11328125
  },
  "metrics": {
    "rmse": [
      36.263082523874864,
      2.345043194098337,
      0.00011588833193173836,
      0.006323753878355381,
      9.501396683560724e-08,
      0.7152709007465545,
      1.180017162132023e-07
    ],
    "rrmse": [
      0.061093174009729564,
      0.00579795579693035,
      0.024724928187213762,
      0.009338850345922413,
      0.008647145139038399,
      0.009360524263919466,
      0.008520829129616245
    ],
    "mae": [
      5.547111658655587,
      0.1538621667529246,
      1.8156304629158165e-05,
      0.0003010684557935411,
      5.36510327312606e-09,
      0.041084136269341015,
      6.615497772392742e-09
    ],
    "r2": [
      0.9962676240894169,
      0.9999663837085768,
      0.999388677925878,
      0.9999127858742162,
      0.9999252269060419,
      0.9999123805855046,
      0.9999273954841194
    ],
    "p95_abs": [
      19.9816979040239,
      0.18354384609616536,
      4.5422847403738556e-05,
      0.0001331727308032269,
      4.395520838012218e-09,
      0.04947616230665517,
      5.5242755669050245e-09
    ],
    "max_abs": [
      904.0673996180162,
      158.756849999049,
      0.0049741814120565254,
      0.4085758899868879,
      6.333805811696268e-06,
      48.312705641796356,
      7.87228563087462e-06
    ],
    "rmse_mean": 5.6185480677065325,
    "rrmse_mean": 0.018211915267481456,
    "mae_mean": 0.8203395997741252,
    "r2_mean": 0.999328639224822,
    "p95_abs_mean": 2.887842359703531,
    "max_abs_mean": 158.792931362336
  },
  "outputs": [
    "ProdRateProgVar [kg/m^3s]",
    "temperature [K]",
    "Y-CO",
    "density",
    "mu [kg/ms]",
    "cp [J/kgK]",
    "Diff [kg/ms]"
  ]
}