{
  "model": "gp_exact_rbf_cpu",
  "seed": 4,
  "n_train": 4000,
  "n_test": 16000,
  "device": "cpu",
  "hyperparams": {
    "kernel": "RBF",
    "l": 0.2,
    "sigma_f": 1.0,
    "sigma_n": 0.001,
    "x_scaler": "StandardScaler",
    "y_scaler": "StandardScaler",
    "transform": "signed_log1p"
  },
  "timing_sec": {
    "data_load": 0.3423497676849365,
    "train": 0.9092118740081787,
    "infer": 0.8445322513580322,
    "note": "For exact GP, 'train' includes building K, Cholesky/solve, and computing mean on test."
  },
  "model_size": {
    "K_train_bytes": 128000000,
    "K_train_mb": 122.0703125,
    "note": "Exact GP stores a dense N x N kernel matrix (dominant memory)."
  },
  "peak_memory": {
    "cpu_rss_peak_bytes": 1958830080,
    "cpu_rss_peak_mb": 1868.0859375
  },
  "metrics": {
    "rmse": [
      23.59447635896947,
      0.6832395045853662,
      9.170764872836539e-05,
      0.0011033606391877722,
      2.5028307812175728e-08,
      0.17194695988693284,
      3.122251553350071e-08
    ],
    "rrmse": [
      0.03975010808631461,
      0.0016892620384443236,
      0.019565947591364617,
      0.0016294308863322958,
      0.0022778062788481085,
      0.002250215531554427,
      0.0022545580555546466
    ],
    "mae": [
      4.1310118235907085,
      0.08044852635977494,
      1.4681428533521647e-05,
      0.00010687677859671233,
      2.5823767514613855e-09,
      0.023604532951175712,
      3.167279435957329e-09
    ],
    "r2": [
      0.9984199289071263,
      0.9999971463937655,
      0.9996171736946897,
      0.9999973449549867,
      0.9999948116002976,
      0.9999949365300616,
      0.9999949169688965
    ],
    "p95_abs": [
      19.773848058797377,
      0.1736322614349319,
      4.556766308276517e-05,
      0.0001071826429649644,
      4.300134642762443e-09,
      0.043231565525741165,
      5.167221891596491e-09
    ],
    "max_abs": [
      1058.924516878083,
      43.95083848178194,
      0.0040407427647030664,
      0.053022603575612726,
      1.671859275588276e-06,
      9.616276825240902,
      2.063714876778959e-06
    ],
    "rmse_mean": 3.4929797068543587,
    "rrmse_mean": 0.009916761209773289,
    "mae_mean": 0.6050266352654923,
    "r2_mean": 0.999716608435689,
    "p95_abs_mean": 2.855837806504493,
    "max_abs_mean": 158.9355284667172
  },
  "outputs": [
    "ProdRateProgVar [kg/m^3s]",
    "temperature [K]",
    "Y-CO",
    "density",
    "mu [kg/ms]",
    "cp [J/kgK]",
    "Diff [kg/ms]"
  ]
}