{
  "model": "gp_exact_rbf_cpu",
  "seed": 3,
  "n_train": 20000,
  "n_test": 16000,
  "device": "cpu",
  "hyperparams": {
    "kernel": "RBF",
    "l": 0.2,
    "sigma_f": 1.0,
    "sigma_n": 0.001,
    "x_scaler": "StandardScaler",
    "y_scaler": "StandardScaler",
    "transform": "signed_log1p"
  },
  "timing_sec": {
    "data_load": 0.3448820114135742,
    "train": 42.68776178359985,
    "infer": 3.0280189514160156,
    "note": "For exact GP, 'train' includes building K, Cholesky/solve, and computing mean on test."
  },
  "model_size": {
    "K_train_bytes": 3200000000,
    "K_train_mb": 3051.7578125,
    "note": "Exact GP stores a dense N x N kernel matrix (dominant memory)."
  },
  "peak_memory": {
    "cpu_rss_peak_bytes": 14310817792,
    "cpu_rss_peak_mb": 13647.859375
  },
  "metrics": {
    "rmse": [
      11.885330533577608,
      0.04122789225166572,
      1.239246165931789e-05,
      3.594583211188642e-05,
      9.807315218389872e-10,
      0.019255150102223093,
      1.168062712494626e-09
    ],
    "rrmse": [
      0.020023465075616538,
      0.0001019330891121067,
      0.0026439480099680348,
      5.30844104799131e-05,
      8.925559151155854e-05,
      0.0002519860650687024,
      8.434506806545265e-05
    ],
    "mae": [
      2.5959690970983247,
      0.020743713464811575,
      5.929202388299566e-06,
      1.2161983072795306e-05,
      5.072812069216632e-10,
      0.007034388861580951,
      6.318606298172461e-10
    ],
    "r2": [
      0.9995990608463655,
      0.9999999896096453,
      0.9999930095389177,
      0.9999999971820454,
      0.999999992033442,
      0.999999936503023,
      0.9999999928859108
    ],
    "p95_abs": [
      15.453611026278208,
      0.10107110981525681,
      2.7806438429785943e-05,
      4.7383391969513234e-05,
      2.4014352653033253e-09,
      0.02386857876753083,
      2.739452544937665e-09
    ],
    "max_abs": [
      266.17611386061526,
      0.47982561840035487,
      0.00013677237814865557,
      0.0015250502143224764,
      2.08590579421015e-08,
      0.6623153952436951,
      2.6389925075425802e-08
    ],
    "rmse_mean": 1.7065517023391519,
    "rrmse_mean": 0.0033211453299746146,
    "mae_mean": 0.37482361310704576,
    "r2_mean": 0.9999417112284785,
    "p95_abs_mean": 2.2255179871188977,
    "max_abs_mean": 38.18855953487152
  },
  "outputs": [
    "ProdRateProgVar [kg/m^3s]",
    "temperature [K]",
    "Y-CO",
    "density",
    "mu [kg/ms]",
    "cp [J/kgK]",
    "Diff [kg/ms]"
  ]
}