{
  "model": "gp_exact_rbf_cpu",
  "seed": 1,
  "n_train": 20000,
  "n_test": 16000,
  "device": "cpu",
  "hyperparams": {
    "kernel": "RBF",
    "l": 0.2,
    "sigma_f": 1.0,
    "sigma_n": 0.001,
    "x_scaler": "StandardScaler",
    "y_scaler": "StandardScaler",
    "transform": "signed_log1p"
  },
  "timing_sec": {
    "data_load": 0.32580041885375977,
    "train": 45.83248972892761,
    "infer": 5.1767449378967285,
    "note": "For exact GP, 'train' includes building K, Cholesky/solve, and computing mean on test."
  },
  "model_size": {
    "K_train_bytes": 3200000000,
    "K_train_mb": 3051.7578125,
    "note": "Exact GP stores a dense N x N kernel matrix (dominant memory)."
  },
  "peak_memory": {
    "cpu_rss_peak_bytes": 14309289984,
    "cpu_rss_peak_mb": 13646.40234375
  },
  "metrics": {
    "rmse": [
      12.137029593486876,
      0.039724265538608756,
      1.2037028398145785e-05,
      4.117507371764695e-05,
      9.60234031343608e-10,
      0.018479242897531813,
      1.139399104433989e-09
    ],
    "rrmse": [
      0.020447507749181262,
      9.821547689953509e-05,
      0.002568115855761139,
      6.080689711020699e-05,
      8.739013129341742e-05,
      0.00024183201265515935,
      8.227528709649032e-05
    ],
    "mae": [
      2.4999320393947158,
      0.019946152587607985,
      5.772721159946134e-06,
      1.2078327670734106e-05,
      4.905127894493291e-10,
      0.0068167351078885045,
      6.124525638673024e-10
    ],
    "r2": [
      0.9995818994268472,
      0.9999999903537201,
      0.9999934047809486,
      0.9999999963025212,
      0.9999999923629675,
      0.9999999415172777,
      0.9999999932307784
    ],
    "p95_abs": [
      13.210009418275188,
      0.09786132696907536,
      2.7343951043184003e-05,
      4.472802784121765e-05,
      2.327736182450673e-09,
      0.023121888518994636,
      2.6230426960680943e-09
    ],
    "max_abs": [
      246.92073512722527,
      0.5502215220485596,
      0.0001362315253665981,
      0.0022413087959112232,
      2.3762662839121624e-08,
      0.7145846367830018,
      2.834770669911331e-08
    ],
    "rmse_mean": 1.7421837594463951,
    "rrmse_mean": 0.0033694490585710296,
    "mae_mean": 0.36095896846314407,
    "r2_mean": 0.9999393168535801,
    "p95_abs_mean": 1.9044378158132746,
    "max_abs_mean": 35.45541698264121
  },
  "outputs": [
    "ProdRateProgVar [kg/m^3s]",
    "temperature [K]",
    "Y-CO",
    "density",
    "mu [kg/ms]",
    "cp [J/kgK]",
    "Diff [kg/ms]"
  ]
}