{
  "model": "gp_exact_rbf_cpu",
  "seed": 0,
  "n_train": 20000,
  "n_test": 16000,
  "device": "cpu",
  "hyperparams": {
    "kernel": "RBF",
    "l": 0.2,
    "sigma_f": 1.0,
    "sigma_n": 0.001,
    "x_scaler": "StandardScaler",
    "y_scaler": "StandardScaler",
    "transform": "signed_log1p"
  },
  "timing_sec": {
    "data_load": 0.462963342666626,
    "train": 33.33170676231384,
    "infer": 2.8411006927490234,
    "note": "For exact GP, 'train' includes building K, Cholesky/solve, and computing mean on test."
  },
  "model_size": {
    "K_train_bytes": 3200000000,
    "K_train_mb": 3051.7578125,
    "note": "Exact GP stores a dense N x N kernel matrix (dominant memory)."
  },
  "peak_memory": {
    "cpu_rss_peak_bytes": 14317522944,
    "cpu_rss_peak_mb": 13654.25390625
  },
  "metrics": {
    "rmse": [
      12.495607693814444,
      0.040026184299171166,
      1.2072743693298151e-05,
      4.396859400317392e-05,
      9.632660368951704e-10,
      0.019382593843649352,
      1.144414828937493e-09
    ],
    "rrmse": [
      0.021051611778808845,
      9.896194998472613e-05,
      0.0025757357610018804,
      6.493233721851488e-05,
      8.766607169397024e-05,
      0.0002536538810425664,
      8.263746938355442e-05
    ],
    "mae": [
      2.599802126824354,
      0.02040978939063004,
      5.83565994404321e-06,
      1.2431442049678124e-05,
      5.022008811259231e-10,
      0.0069502542750499285,
      6.23609289207732e-10
    ],
    "r2": [
      0.9995568296415143,
      0.9999999902065324,
      0.9999933655852867,
      0.9999999957837916,
      0.9999999923146624,
      0.9999999356597087,
      0.9999999931710499
    ],
    "p95_abs": [
      13.512319002388919,
      0.0975051641394316,
      2.7088181452998334e-05,
      4.58584826173169e-05,
      2.2849394083626963e-09,
      0.023160011308198128,
      2.630532365472849e-09
    ],
    "max_abs": [
      283.3041401573473,
      0.32373031329689184,
      0.00012811564955720017,
      0.0024348761136208097,
      1.3211383243538527e-08,
      0.5695002970087444,
      1.5782707533334268e-08
    ],
    "rmse_mean": 1.7935817879146632,
    "rrmse_mean": 0.0034593141784477212,
    "mae_mean": 0.37531149124540547,
    "r2_mean": 0.9999357289089351,
    "p95_abs_mean": 1.9475795899165842,
    "max_abs_mean": 40.59999054120146
  },
  "outputs": [
    "ProdRateProgVar [kg/m^3s]",
    "temperature [K]",
    "Y-CO",
    "density",
    "mu [kg/ms]",
    "cp [J/kgK]",
    "Diff [kg/ms]"
  ]
}