{
  "model": "gp_exact_rbf_cpu",
  "seed": 2,
  "n_train": 8000,
  "n_test": 16000,
  "device": "cpu",
  "hyperparams": {
    "kernel": "RBF",
    "l": 0.2,
    "sigma_f": 1.0,
    "sigma_n": 0.001,
    "x_scaler": "StandardScaler",
    "y_scaler": "StandardScaler",
    "transform": "signed_log1p"
  },
  "timing_sec": {
    "data_load": 0.32883310317993164,
    "train": 3.7412781715393066,
    "infer": 1.220665454864502,
    "note": "For exact GP, 'train' includes building K, Cholesky/solve, and computing mean on test."
  },
  "model_size": {
    "K_train_bytes": 512000000,
    "K_train_mb": 488.28125,
    "note": "Exact GP stores a dense N x N kernel matrix (dominant memory)."
  },
  "peak_memory": {
    "cpu_rss_peak_bytes": 4293197824,
    "cpu_rss_peak_mb": 4094.3125
  },
  "metrics": {
    "rmse": [
      16.042300136932937,
      0.30408145541437875,
      2.288616573628477e-05,
      0.0004892203582634718,
      1.1053414686863796e-08,
      0.07743634827186406,
      1.397644303065452e-08
    ],
    "rrmse": [
      0.027026798759777003,
      0.000751820197425704,
      0.0048827935899847155,
      0.0007224752575584594,
      0.0010059624312356399,
      0.0010133850211878528,
      0.00100923009194928
    ],
    "mae": [
      3.2998500055477593,
      0.03686994818966972,
      8.233842228081384e-06,
      3.762426355476289e-05,
      1.0523329620568762e-09,
      0.011802479090151167,
      1.2973306399999184e-09
    ],
    "r2": [
      0.9992695521487985,
      0.9999994347663907,
      0.9999761583267475,
      0.9999994780295022,
      0.9999989880399266,
      0.9999989730507989,
      0.9999989814548064
    ],
    "p95_abs": [
      18.009707175148975,
      0.1272234670791021,
      3.4567355609791e-05,
      6.742415712084331e-05,
      2.9962338292708415e-09,
      0.032099683463923154,
      3.544773578653844e-09
    ],
    "max_abs": [
      314.4328998669971,
      24.559871040323515,
      0.0007485640010398817,
      0.03240705006107936,
      8.991321441036151e-07,
      5.002830299492416,
      1.1324073151266296e-06
    ],
    "rmse_mean": 2.3463328674532917,
    "rrmse_mean": 0.005201780764159808,
    "mae_mean": 0.47836689904043234,
    "r2_mean": 0.9998916522595672,
    "p95_abs_mean": 2.5955903319636766,
    "max_abs_mean": 49.14696555034494
  },
  "outputs": [
    "ProdRateProgVar [kg/m^3s]",
    "temperature [K]",
    "Y-CO",
    "density",
    "mu [kg/ms]",
    "cp [J/kgK]",
    "Diff [kg/ms]"
  ]
}