{
  "model": "nn_mlp_cpu",
  "seed": 1,
  "n_train": 12000,
  "n_val": 1200,
  "n_test": 16000,
  "device": "cpu",
  "hyperparams": {
    "epochs_max": 300,
    "epochs_ran": 300,
    "batch_size": 4096,
    "lr": 0.001,
    "patience": 30,
    "width": 64,
    "depth": 3,
    "val_frac": 0.1,
    "transform": "signed_log1p",
    "x_scaler": "StandardScaler",
    "y_scaler": "StandardScaler"
  },
  "timing_sec": {
    "data_load": 0.5295507907867432,
    "train": 245.63036704063416,
    "infer": 0.007588624954223633,
    "infer_per_sample_ms": 0.00047428905963897705
  },
  "model_size": {
    "num_params": 8967,
    "param_bytes": 35868,
    "checkpoint_bytes": 39493,
    "param_mb": 0.034206390380859375,
    "checkpoint_mb": 0.03766345977783203
  },
  "peak_memory": {
    "cpu_rss_peak_bytes": 655093760,
    "cpu_rss_peak_mb": 624.74609375
  },
  "metrics": {
    "rmse": [
      0.2280443012714386,
      0.007456675637513399,
      0.00042314056190662086,
      0.00653238408267498,
      1.2000170102055563e-07,
      0.0011183429742231965,
      1.8569527071576886e-07
    ],
    "rrmse": [
      0.09653093665838242,
      0.019419627264142036,
      0.09094620496034622,
      0.02852514199912548,
      0.01092178001999855,
      0.01804225705564022,
      0.013409717939794064
    ],
    "mae": [
      0.13888968527317047,
      0.003547503612935543,
      0.0002568046620581299,
      0.002778148977085948,
      9.173786708061016e-08,
      0.0005769711569882929,
      1.1678190503516817e-07
    ],
    "r2": [
      0.9906817674636841,
      0.9996228814125061,
      0.9917287826538086,
      0.9991863369941711,
      0.9998807311058044,
      0.9996744990348816,
      0.9998201727867126
    ],
    "p95_abs": [
      0.5949375033378601,
      0.012325113639235497,
      0.0008995975949801505,
      0.00943418126553297,
      2.508830334591039e-07,
      0.002399587072432041,
      4.2846383507821884e-07
    ],
    "max_abs": [
      1.2181246280670166,
      0.09702682495117188,
      0.00266265869140625,
      0.08812928199768066,
      7.522230589529499e-07,
      0.012486934661865234,
      1.261727447854355e-06
    ],
    "rmse_mean": 0.03479645028710365,
    "rrmse_mean": 0.039685092866420746,
    "mae_mean": 0.02086418867111206,
    "r2_mean": 0.9972278475761414,
    "p95_abs_mean": 0.08857094496488571,
    "max_abs_mean": 0.20263318717479706
  },
  "outputs": [
    "ProdRateProgVar [kg/m^3s]",
    "temperature [K]",
    "Y-CO",
    "density",
    "mu [kg/ms]",
    "cp [J/kgK]",
    "Diff [kg/ms]"
  ]
}