{
  "model": "nn_mlp_cpu",
  "seed": 2,
  "n_train": 20000,
  "n_val": 2000,
  "n_test": 16000,
  "device": "cpu",
  "hyperparams": {
    "epochs_max": 300,
    "epochs_ran": 300,
    "batch_size": 4096,
    "lr": 0.001,
    "patience": 30,
    "width": 64,
    "depth": 3,
    "val_frac": 0.1,
    "transform": "signed_log1p",
    "x_scaler": "StandardScaler",
    "y_scaler": "StandardScaler"
  },
  "timing_sec": {
    "data_load": 0.6246891021728516,
    "train": 324.39901900291443,
    "infer": 0.0061795711517333984,
    "infer_per_sample_ms": 0.0003862231969833374
  },
  "model_size": {
    "num_params": 8967,
    "param_bytes": 35868,
    "checkpoint_bytes": 39493,
    "param_mb": 0.034206390380859375,
    "checkpoint_mb": 0.03766345977783203
  },
  "peak_memory": {
    "cpu_rss_peak_bytes": 604938240,
    "cpu_rss_peak_mb": 576.9140625
  },
  "metrics": {
    "rmse": [
      0.16951815783977509,
      0.0038447491824626923,
      0.0002632171963341534,
      0.0036377941723912954,
      7.219351516596362e-08,
      0.0007613974157720804,
      1.053497342695664e-07
    ],
    "rrmse": [
      0.07175687700510025,
      0.010012987069785595,
      0.05657364800572395,
      0.015885256230831146,
      0.006570587866008282,
      0.012283644638955593,
      0.0076076798141002655
    ],
    "mae": [
      0.10639731585979462,
      0.0017388623673468828,
      0.00015143703785724938,
      0.001338378293439746,
      4.700440570104547e-08,
      0.0003878224524669349,
      6.88078358734856e-08
    ],
    "r2": [
      0.9948509335517883,
      0.9998997449874878,
      0.9967994093894958,
      0.999747633934021,
      0.9999568462371826,
      0.9998491406440735,
      0.9999421238899231
    ],
    "p95_abs": [
      0.42776036262512207,
      0.00526220491155982,
      0.0006332033080980182,
      0.003355422057211399,
      1.5495712091251335e-07,
      0.0014792201109230518,
      2.1392676785580989e-07
    ],
    "max_abs": [
      0.8454900979995728,
      0.05959510803222656,
      0.0018414284568279982,
      0.06204557418823242,
      5.94885932514444e-07,
      0.008026599884033203,
      9.678187780082226e-07
    ],
    "rmse_mean": 0.02543221414089203,
    "rrmse_mean": 0.02581295557320118,
    "mae_mean": 0.015716275200247765,
    "r2_mean": 0.9987209439277649,
    "p95_abs_mean": 0.06264153867959976,
    "max_abs_mean": 0.13957147300243378
  },
  "outputs": [
    "ProdRateProgVar [kg/m^3s]",
    "temperature [K]",
    "Y-CO",
    "density",
    "mu [kg/ms]",
    "cp [J/kgK]",
    "Diff [kg/ms]"
  ]
}