{
  "model": "nn_mlp_cpu",
  "seed": 3,
  "n_train": 20000,
  "n_val": 2000,
  "n_test": 16000,
  "device": "cpu",
  "hyperparams": {
    "epochs_max": 300,
    "epochs_ran": 300,
    "batch_size": 4096,
    "lr": 0.001,
    "patience": 30,
    "width": 64,
    "depth": 3,
    "val_frac": 0.1,
    "transform": "signed_log1p",
    "x_scaler": "StandardScaler",
    "y_scaler": "StandardScaler"
  },
  "timing_sec": {
    "data_load": 1.010376214981079,
    "train": 367.61179423332214,
    "infer": 0.013016700744628906,
    "infer_per_sample_ms": 0.0008135437965393066
  },
  "model_size": {
    "num_params": 8967,
    "param_bytes": 35868,
    "checkpoint_bytes": 39493,
    "param_mb": 0.034206390380859375,
    "checkpoint_mb": 0.03766345977783203
  },
  "peak_memory": {
    "cpu_rss_peak_bytes": 657948672,
    "cpu_rss_peak_mb": 627.46875
  },
  "metrics": {
    "rmse": [
      0.1467522382736206,
      0.0034833927638828754,
      0.00020722212502732873,
      0.003120460081845522,
      7.154052639180009e-08,
      0.0005759347113780677,
      8.727332101443608e-08
    ],
    "rrmse": [
      0.06212008371949196,
      0.00907189678400755,
      0.04453854635357857,
      0.013626199215650558,
      0.006511156912893057,
      0.009291569702327251,
      0.006302317604422569
    ],
    "mae": [
      0.08644895255565643,
      0.0017434986075386405,
      0.0001273900270462036,
      0.0014179013669490814,
      4.627490568509529e-08,
      0.0003407691838219762,
      5.848758277693378e-08
    ],
    "r2": [
      0.9961410760879517,
      0.9999176859855652,
      0.9980162978172302,
      0.9998143315315247,
      0.9999576210975647,
      0.9999136924743652,
      0.9999603033065796
    ],
    "p95_abs": [
      0.3630571961402893,
      0.0061661237850785255,
      0.0005083047435618937,
      0.004453760106116533,
      1.5484019399991666e-07,
      0.0011463165283203125,
      1.8767239851058548e-07
    ],
    "max_abs": [
      0.7443270683288574,
      0.053017616271972656,
      0.0014994721859693527,
      0.05561208724975586,
      3.9058522816048935e-07,
      0.006700992584228516,
      6.420450517907739e-07
    ],
    "rmse_mean": 0.022019917145371437,
    "rrmse_mean": 0.02163739502429962,
    "mae_mean": 0.012868373654782772,
    "r2_mean": 0.9991030097007751,
    "p95_abs_mean": 0.05361885949969292,
    "max_abs_mean": 0.12302261590957642
  },
  "outputs": [
    "ProdRateProgVar [kg/m^3s]",
    "temperature [K]",
    "Y-CO",
    "density",
    "mu [kg/ms]",
    "cp [J/kgK]",
    "Diff [kg/ms]"
  ]
}