{
  "model": "nn_mlp_cpu",
  "seed": 0,
  "n_train": 16000,
  "n_val": 1600,
  "n_test": 16000,
  "device": "cpu",
  "hyperparams": {
    "epochs_max": 300,
    "epochs_ran": 300,
    "batch_size": 4096,
    "lr": 0.001,
    "patience": 30,
    "width": 64,
    "depth": 3,
    "val_frac": 0.1,
    "transform": "signed_log1p",
    "x_scaler": "StandardScaler",
    "y_scaler": "StandardScaler"
  },
  "timing_sec": {
    "data_load": 0.5318231582641602,
    "train": 247.69731760025024,
    "infer": 0.0062084197998046875,
    "infer_per_sample_ms": 0.00038802623748779297
  },
  "model_size": {
    "num_params": 8967,
    "param_bytes": 35868,
    "checkpoint_bytes": 39493,
    "param_mb": 0.034206390380859375,
    "checkpoint_mb": 0.03766345977783203
  },
  "peak_memory": {
    "cpu_rss_peak_bytes": 651874304,
    "cpu_rss_peak_mb": 621.67578125
  },
  "metrics": {
    "rmse": [
      0.21816237270832062,
      0.006364737171679735,
      0.00040082770283333957,
      0.00551419286057353,
      1.106480098655993e-07,
      0.0006432680529542267,
      1.408469927355327e-07
    ],
    "rrmse": [
      0.09234792739152908,
      0.01657586172223091,
      0.08615046739578247,
      0.0240789782255888,
      0.010070467367768288,
      0.010377860628068447,
      0.010171063244342804
    ],
    "mae": [
      0.13005299866199493,
      0.002464885823428631,
      0.00022863721824251115,
      0.0018797747325152159,
      6.999768231708003e-08,
      0.00033191940747201443,
      7.429135706615853e-08
    ],
    "r2": [
      0.9914718866348267,
      0.9997252225875854,
      0.9925780892372131,
      0.9994202256202698,
      0.9998986124992371,
      0.9998922944068909,
      0.9998965263366699
    ],
    "p95_abs": [
      0.5440096855163574,
      0.00874335691332817,
      0.0008667554357089102,
      0.006208344828337431,
      2.414450932519685e-07,
      0.0011639595031738281,
      2.875465838769742e-07
    ],
    "max_abs": [
      1.0832502841949463,
      0.08766746520996094,
      0.0025155730545520782,
      0.08322036266326904,
      9.203013178193942e-07,
      0.0071239471435546875,
      1.228050678037107e-06
    ],
    "rmse_mean": 0.033012233674526215,
    "rrmse_mean": 0.03568180650472641,
    "mae_mean": 0.01927976869046688,
    "r2_mean": 0.9975546598434448,
    "p95_abs_mean": 0.08014180511236191,
    "max_abs_mean": 0.18053996562957764
  },
  "outputs": [
    "ProdRateProgVar [kg/m^3s]",
    "temperature [K]",
    "Y-CO",
    "density",
    "mu [kg/ms]",
    "cp [J/kgK]",
    "Diff [kg/ms]"
  ]
}