{
  "model": "nn_mlp_cpu",
  "seed": 3,
  "n_train": 16000,
  "n_val": 1600,
  "n_test": 16000,
  "device": "cpu",
  "hyperparams": {
    "epochs_max": 300,
    "epochs_ran": 300,
    "batch_size": 4096,
    "lr": 0.001,
    "patience": 30,
    "width": 64,
    "depth": 3,
    "val_frac": 0.1,
    "transform": "signed_log1p",
    "x_scaler": "StandardScaler",
    "y_scaler": "StandardScaler"
  },
  "timing_sec": {
    "data_load": 0.9574260711669922,
    "train": 256.13439321517944,
    "infer": 0.006091594696044922,
    "infer_per_sample_ms": 0.0003807246685028076
  },
  "model_size": {
    "num_params": 8967,
    "param_bytes": 35868,
    "checkpoint_bytes": 39493,
    "param_mb": 0.034206390380859375,
    "checkpoint_mb": 0.03766345977783203
  },
  "peak_memory": {
    "cpu_rss_peak_bytes": 635576320,
    "cpu_rss_peak_mb": 606.1328125
  },
  "metrics": {
    "rmse": [
      0.1748269647359848,
      0.004234525375068188,
      0.00023682303435634822,
      0.00386019772849977,
      7.425052217513439e-08,
      0.0006667771958746016,
      8.628437342395046e-08
    ],
    "rrmse": [
      0.07400409132242203,
      0.011028091423213482,
      0.05090071260929108,
      0.01685643196105957,
      0.00675780326128006,
      0.010757134296000004,
      0.0062309023924171925
    ],
    "mae": [
      0.11060375720262527,
      0.002240520901978016,
      0.00015229095879476517,
      0.0017843912355601788,
      4.6695298294707754e-08,
      0.00042097995174117386,
      5.454882057165378e-08
    ],
    "r2": [
      0.9945234060287476,
      0.9998784065246582,
      0.9974091053009033,
      0.9997158646583557,
      0.999954342842102,
      0.999884307384491,
      0.9999611973762512
    ],
    "p95_abs": [
      0.43552616238594055,
      0.007989907637238503,
      0.0005481299012899399,
      0.005680173169821501,
      1.7048968459221214e-07,
      0.0011997697874903679,
      1.8788114175549708e-07
    ],
    "max_abs": [
      0.872346043586731,
      0.060077667236328125,
      0.001678947126492858,
      0.06477296352386475,
      3.954555722884834e-07,
      0.007381439208984375,
      8.117003744700924e-07
    ],
    "rmse_mean": 0.026260778307914734,
    "rrmse_mean": 0.025219308212399483,
    "mae_mean": 0.016457434743642807,
    "r2_mean": 0.9987608790397644,
    "p95_abs_mean": 0.06442064791917801,
    "max_abs_mean": 0.14375118911266327
  },
  "outputs": [
    "ProdRateProgVar [kg/m^3s]",
    "temperature [K]",
    "Y-CO",
    "density",
    "mu [kg/ms]",
    "cp [J/kgK]",
    "Diff [kg/ms]"
  ]
}