{
  "model": "nn_mlp_cpu",
  "seed": 4,
  "n_train": 4000,
  "n_val": 400,
  "n_test": 16000,
  "device": "cpu",
  "hyperparams": {
    "epochs_max": 300,
    "epochs_ran": 300,
    "batch_size": 4096,
    "lr": 0.001,
    "patience": 30,
    "width": 64,
    "depth": 3,
    "val_frac": 0.1,
    "transform": "signed_log1p",
    "x_scaler": "StandardScaler",
    "y_scaler": "StandardScaler"
  },
  "timing_sec": {
    "data_load": 1.024752140045166,
    "train": 72.15541291236877,
    "infer": 0.007626771926879883,
    "infer_per_sample_ms": 0.0004766732454299927
  },
  "model_size": {
    "num_params": 8967,
    "param_bytes": 35868,
    "checkpoint_bytes": 39493,
    "param_mb": 0.034206390380859375,
    "checkpoint_mb": 0.03766345977783203
  },
  "peak_memory": {
    "cpu_rss_peak_bytes": 640815104,
    "cpu_rss_peak_mb": 611.12890625
  },
  "metrics": {
    "rmse": [
      0.542047917842865,
      0.024295635521411896,
      0.0005981656722724438,
      0.021444352343678474,
      3.356170736878994e-07,
      0.003871629014611244,
      4.1692734953358013e-07
    ],
    "rrmse": [
      0.2294483780860901,
      0.06327379494905472,
      0.12856459617614746,
      0.09364164620637894,
      0.03054570034146309,
      0.062461093068122864,
      0.030107811093330383
    ],
    "mae": [
      0.3540060222148895,
      0.009807951748371124,
      0.00034805102040991187,
      0.008349252864718437,
      1.7520947892535332e-07,
      0.00220661167986691,
      1.8727041606325656e-07
    ],
    "r2": [
      0.9473534226417542,
      0.9959964156150818,
      0.983471155166626,
      0.9912312626838684,
      0.999066948890686,
      0.9960986375808716,
      0.9990935325622559
    ],
    "p95_abs": [
      1.3135682344436646,
      0.02986811473965645,
      0.001416716375388205,
      0.026507964357733727,
      7.96166091276973e-07,
      0.00931389257311821,
      8.228074648286565e-07
    ],
    "max_abs": [
      2.2864320278167725,
      0.27440786361694336,
      0.0029379408806562424,
      0.2710462808609009,
      2.41897942032665e-06,
      0.026984214782714844,
      3.97472467739135e-06
    ],
    "rmse_mean": 0.08460836112499237,
    "rrmse_mean": 0.0911489948630333,
    "mae_mean": 0.05353117734193802,
    "r2_mean": 0.9874730110168457,
    "p95_abs_mean": 0.19723951816558838,
    "max_abs_mean": 0.4088306725025177
  },
  "outputs": [
    "ProdRateProgVar [kg/m^3s]",
    "temperature [K]",
    "Y-CO",
    "density",
    "mu [kg/ms]",
    "cp [J/kgK]",
    "Diff [kg/ms]"
  ]
}