{
  "model": "nn_mlp_cpu",
  "seed": 2,
  "n_train": 8000,
  "n_val": 800,
  "n_test": 16000,
  "device": "cpu",
  "hyperparams": {
    "epochs_max": 300,
    "epochs_ran": 300,
    "batch_size": 4096,
    "lr": 0.001,
    "patience": 30,
    "width": 64,
    "depth": 3,
    "val_frac": 0.1,
    "transform": "signed_log1p",
    "x_scaler": "StandardScaler",
    "y_scaler": "StandardScaler"
  },
  "timing_sec": {
    "data_load": 0.5014760494232178,
    "train": 130.59456157684326,
    "infer": 0.007604360580444336,
    "infer_per_sample_ms": 0.000475272536277771
  },
  "model_size": {
    "num_params": 8967,
    "param_bytes": 35868,
    "checkpoint_bytes": 39493,
    "param_mb": 0.034206390380859375,
    "checkpoint_mb": 0.03766345977783203
  },
  "peak_memory": {
    "cpu_rss_peak_bytes": 608432128,
    "cpu_rss_peak_mb": 580.24609375
  },
  "metrics": {
    "rmse": [
      0.31361496448516846,
      0.011857605539262295,
      0.0004754971887450665,
      0.011067754589021206,
      2.19146244262447e-07,
      0.0013391851680353284,
      2.798429932227009e-07
    ],
    "rrmse": [
      0.132752925157547,
      0.030881090089678764,
      0.10219928622245789,
      0.04832986742258072,
      0.019945276901125908,
      0.021605109795928,
      0.020208461210131645
    ],
    "mae": [
      0.20365594327449799,
      0.005041177850216627,
      0.0002708460087887943,
      0.005198806989938021,
      1.3501387741143844e-07,
      0.0007327498169615865,
      1.8025910719643434e-07
    ],
    "r2": [
      0.9823766350746155,
      0.9990463852882385,
      0.989555299282074,
      0.997664213180542,
      0.999602198600769,
      0.9995332360267639,
      0.999591588973999
    ],
    "p95_abs": [
      0.8036056756973267,
      0.018139740452170372,
      0.0010433470597490668,
      0.01701086387038231,
      4.919410798720492e-07,
      0.0029564141295850277,
      5.791611101813032e-07
    ],
    "max_abs": [
      1.4682868719100952,
      0.13740777969360352,
      0.003032151609659195,
      0.13020968437194824,
      1.4925080904504284e-06,
      0.013946056365966797,
      1.94269887288101e-06
    ],
    "rmse_mean": 0.04833649843931198,
    "rrmse_mean": 0.05370314046740532,
    "mae_mean": 0.03069997765123844,
    "r2_mean": 0.9953384399414062,
    "p95_abs_mean": 0.12039386481046677,
    "max_abs_mean": 0.2504122853279114
  },
  "outputs": [
    "ProdRateProgVar [kg/m^3s]",
    "temperature [K]",
    "Y-CO",
    "density",
    "mu [kg/ms]",
    "cp [J/kgK]",
    "Diff [kg/ms]"
  ]
}