{
  "model": "nn_mlp_cpu",
  "seed": 1,
  "n_train": 24000,
  "n_val": 2400,
  "n_test": 16000,
  "device": "cpu",
  "hyperparams": {
    "epochs_max": 300,
    "epochs_ran": 300,
    "batch_size": 4096,
    "lr": 0.001,
    "patience": 30,
    "width": 64,
    "depth": 3,
    "val_frac": 0.1,
    "transform": "signed_log1p",
    "x_scaler": "StandardScaler",
    "y_scaler": "StandardScaler"
  },
  "timing_sec": {
    "data_load": 0.5257163047790527,
    "train": 423.1366066932678,
    "infer": 0.007134199142456055,
    "infer_per_sample_ms": 0.0004458874464035034
  },
  "model_size": {
    "num_params": 8967,
    "param_bytes": 35868,
    "checkpoint_bytes": 39493,
    "param_mb": 0.034206390380859375,
    "checkpoint_mb": 0.03766345977783203
  },
  "peak_memory": {
    "cpu_rss_peak_bytes": 650256384,
    "cpu_rss_peak_mb": 620.1328125
  },
  "metrics": {
    "rmse": [
      0.11452946066856384,
      0.003675891552120447,
      0.0001778283331077546,
      0.0031637412030249834,
      7.467817653150632e-08,
      0.0004640703264158219,
      9.093635355839069e-08
    ],
    "rrmse": [
      0.048480212688446045,
      0.009573225863277912,
      0.03822089731693268,
      0.013815195299685001,
      0.006796725559979677,
      0.007486858870834112,
      0.00656683836132288
    ],
    "mae": [
      0.06646778434515,
      0.002076449804008007,
      0.00010560566443018615,
      0.0016085106180980802,
      5.316648810094193e-08,
      0.00024485387257300317,
      6.115058681643859e-08
    ],
    "r2": [
      0.9976496696472168,
      0.9999083280563354,
      0.9985391497612,
      0.9998091459274292,
      0.9999538064002991,
      0.9999439716339111,
      0.9999569058418274
    ],
    "p95_abs": [
      0.2920103371143341,
      0.006496071349829435,
      0.000416852708440274,
      0.006342800334095955,
      1.6892026621917466e-07,
      0.0007853507995605469,
      1.88921319477231e-07
    ],
    "max_abs": [
      0.6930100917816162,
      0.054445743560791016,
      0.0011721595656126738,
      0.04588139057159424,
      4.242974682711065e-07,
      0.005202770233154297,
      8.870556484907866e-07
    ],
    "rmse_mean": 0.01743016578257084,
    "rrmse_mean": 0.018705707043409348,
    "mae_mean": 0.01007190253585577,
    "r2_mean": 0.999394416809082,
    "p95_abs_mean": 0.04372167959809303,
    "max_abs_mean": 0.11424478143453598
  },
  "outputs": [
    "ProdRateProgVar [kg/m^3s]",
    "temperature [K]",
    "Y-CO",
    "density",
    "mu [kg/ms]",
    "cp [J/kgK]",
    "Diff [kg/ms]"
  ]
}