{
  "model": "nn_mlp_cpu",
  "seed": 0,
  "n_train": 12000,
  "n_val": 1200,
  "n_test": 16000,
  "device": "cpu",
  "hyperparams": {
    "epochs_max": 300,
    "epochs_ran": 300,
    "batch_size": 4096,
    "lr": 0.001,
    "patience": 30,
    "width": 64,
    "depth": 3,
    "val_frac": 0.1,
    "transform": "signed_log1p",
    "x_scaler": "StandardScaler",
    "y_scaler": "StandardScaler"
  },
  "timing_sec": {
    "data_load": 0.7416880130767822,
    "train": 216.79656982421875,
    "infer": 0.005700111389160156,
    "infer_per_sample_ms": 0.00035625696182250977
  },
  "model_size": {
    "num_params": 8967,
    "param_bytes": 35868,
    "checkpoint_bytes": 39493,
    "param_mb": 0.034206390380859375,
    "checkpoint_mb": 0.03766345977783203
  },
  "peak_memory": {
    "cpu_rss_peak_bytes": 651530240,
    "cpu_rss_peak_mb": 621.34765625
  },
  "metrics": {
    "rmse": [
      0.2658393383026123,
      0.008807200938463211,
      0.0004459432093426585,
      0.008115299046039581,
      1.263501872017514e-07,
      0.0008313997532241046,
      1.8639785537288844e-07
    ],
    "rrmse": [
      0.11252953857183456,
      0.022936837747693062,
      0.09584721177816391,
      0.03543730080127716,
      0.011499579064548016,
      0.01341299433261156,
      0.013460453599691391
    ],
    "mae": [
      0.1814315915107727,
      0.0035334310960024595,
      0.0002725466911215335,
      0.0027414008509367704,
      7.621419939596308e-08,
      0.00041176105150952935,
      1.0777598191680227e-07
    ],
    "r2": [
      0.9873371124267578,
      0.9994739294052124,
      0.9908133149147034,
      0.9987441897392273,
      0.9998677372932434,
      0.9998201131820679,
      0.9998188018798828
    ],
    "p95_abs": [
      0.6301584243774414,
      0.012025617063045502,
      0.0009563608327880502,
      0.009623119607567787,
      2.448123268550262e-07,
      0.0014091725461184978,
      4.0797348788146337e-07
    ],
    "max_abs": [
      1.3375232219696045,
      0.1278538703918457,
      0.0026984941214323044,
      0.11832976341247559,
      1.008154868031852e-06,
      0.011110782623291016,
      1.3354801922105253e-06
    ],
    "rmse_mean": 0.04057706519961357,
    "rrmse_mean": 0.04358912631869316,
    "mae_mean": 0.026912987232208252,
    "r2_mean": 0.9965535998344421,
    "p95_abs_mean": 0.09345333278179169,
    "max_abs_mean": 0.22821691632270813
  },
  "outputs": [
    "ProdRateProgVar [kg/m^3s]",
    "temperature [K]",
    "Y-CO",
    "density",
    "mu [kg/ms]",
    "cp [J/kgK]",
    "Diff [kg/ms]"
  ]
}