{
  "model": "nn_mlp_cpu",
  "seed": 1,
  "n_train": 20000,
  "n_val": 2000,
  "n_test": 16000,
  "device": "cpu",
  "hyperparams": {
    "epochs_max": 300,
    "epochs_ran": 300,
    "batch_size": 4096,
    "lr": 0.001,
    "patience": 30,
    "width": 64,
    "depth": 3,
    "val_frac": 0.1,
    "transform": "signed_log1p",
    "x_scaler": "StandardScaler",
    "y_scaler": "StandardScaler"
  },
  "timing_sec": {
    "data_load": 0.5149366855621338,
    "train": 362.10553884506226,
    "infer": 0.00833582878112793,
    "infer_per_sample_ms": 0.0005209892988204956
  },
  "model_size": {
    "num_params": 8967,
    "param_bytes": 35868,
    "checkpoint_bytes": 39493,
    "param_mb": 0.034206390380859375,
    "checkpoint_mb": 0.03766345977783203
  },
  "peak_memory": {
    "cpu_rss_peak_bytes": 641236992,
    "cpu_rss_peak_mb": 611.53125
  },
  "metrics": {
    "rmse": [
      0.140499085187912,
      0.004183817654848099,
      0.0002378911740379408,
      0.0036411366891115904,
      7.165148474541638e-08,
      0.0005397327477112412,
      1.042081620994395e-07
    ],
    "rrmse": [
      0.059473130851984024,
      0.010896032676100731,
      0.05113028734922409,
      0.01589985191822052,
      0.0065212557092309,
      0.008707522414624691,
      0.007525242865085602
    ],
    "mae": [
      0.08191929012537003,
      0.0021049370989203453,
      0.000132462359033525,
      0.0018526266794651747,
      5.2289369278923914e-08,
      0.00027676497120410204,
      6.683855957589913e-08
    ],
    "r2": [
      0.9964629411697388,
      0.9998812675476074,
      0.9973856806755066,
      0.9997472167015076,
      0.9999575018882751,
      0.9999241828918457,
      0.9999433755874634
    ],
    "p95_abs": [
      0.35666367411613464,
      0.00740733090788126,
      0.0005416155327111483,
      0.006061997730284929,
      1.5679614762120764e-07,
      0.0008955476805567741,
      2.2515520470278716e-07
    ],
    "max_abs": [
      0.7829285860061646,
      0.0632476806640625,
      0.0014899307861924171,
      0.0521695613861084,
      4.4155967771075666e-07,
      0.007160186767578125,
      1.0345465852878988e-06
    ],
    "rmse_mean": 0.021300265565514565,
    "rrmse_mean": 0.022879047319293022,
    "mae_mean": 0.012326600030064583,
    "r2_mean": 0.9990431070327759,
    "p95_abs_mean": 0.053081512451171875,
    "max_abs_mean": 0.12957105040550232
  },
  "outputs": [
    "ProdRateProgVar [kg/m^3s]",
    "temperature [K]",
    "Y-CO",
    "density",
    "mu [kg/ms]",
    "cp [J/kgK]",
    "Diff [kg/ms]"
  ]
}