{
  "model": "nn_mlp_cpu",
  "seed": 3,
  "n_train": 24000,
  "n_val": 2400,
  "n_test": 16000,
  "device": "cpu",
  "hyperparams": {
    "epochs_max": 300,
    "epochs_ran": 300,
    "batch_size": 4096,
    "lr": 0.001,
    "patience": 30,
    "width": 64,
    "depth": 3,
    "val_frac": 0.1,
    "transform": "signed_log1p",
    "x_scaler": "StandardScaler",
    "y_scaler": "StandardScaler"
  },
  "timing_sec": {
    "data_load": 1.0028939247131348,
    "train": 371.24101877212524,
    "infer": 0.006897449493408203,
    "infer_per_sample_ms": 0.0004310905933380127
  },
  "model_size": {
    "num_params": 8967,
    "param_bytes": 35868,
    "checkpoint_bytes": 39493,
    "param_mb": 0.034206390380859375,
    "checkpoint_mb": 0.03766345977783203
  },
  "peak_memory": {
    "cpu_rss_peak_bytes": 628416512,
    "cpu_rss_peak_mb": 599.3046875
  },
  "metrics": {
    "rmse": [
      0.13048109412193298,
      0.0030552721582353115,
      0.00018279327196069062,
      0.002642083913087845,
      6.704213717512175e-08,
      0.0005478154052980244,
      8.569200105057462e-08
    ],
    "rrmse": [
      0.05523252487182617,
      0.007956930436193943,
      0.03928801789879799,
      0.011537260375916958,
      0.0061017428524792194,
      0.008837920613586903,
      0.006188124883919954
    ],
    "mae": [
      0.07530629634857178,
      0.0016952301375567913,
      0.00011039469973184168,
      0.0012944088084623218,
      4.4720522396346496e-08,
      0.00034965472877956927,
      5.99943845713824e-08
    ],
    "r2": [
      0.9969493746757507,
      0.9999366998672485,
      0.9984564781188965,
      0.9998669028282166,
      0.9999627470970154,
      0.9999219179153442,
      0.9999617338180542
    ],
    "p95_abs": [
      0.3250280022621155,
      0.0060599553398787975,
      0.00044281300506554544,
      0.004286050796508789,
      1.5058049029903486e-07,
      0.001046204473823309,
      1.7880883262932912e-07
    ],
    "max_abs": [
      0.6841869354248047,
      0.04198598861694336,
      0.0013679463881999254,
      0.044524431228637695,
      3.670065780170262e-07,
      0.0053119659423828125,
      5.404162948252633e-07
    ],
    "rmse_mean": 0.019558457657694817,
    "rrmse_mean": 0.01930607482790947,
    "mae_mean": 0.011250870302319527,
    "r2_mean": 0.9992936849594116,
    "p95_abs_mean": 0.04812333360314369,
    "max_abs_mean": 0.11105401813983917
  },
  "outputs": [
    "ProdRateProgVar [kg/m^3s]",
    "temperature [K]",
    "Y-CO",
    "density",
    "mu [kg/ms]",
    "cp [J/kgK]",
    "Diff [kg/ms]"
  ]
}