{
  "model": "nn_mlp_cpu",
  "seed": 3,
  "n_train": 4000,
  "n_val": 400,
  "n_test": 16000,
  "device": "cpu",
  "hyperparams": {
    "epochs_max": 300,
    "epochs_ran": 300,
    "batch_size": 4096,
    "lr": 0.001,
    "patience": 30,
    "width": 64,
    "depth": 3,
    "val_frac": 0.1,
    "transform": "signed_log1p",
    "x_scaler": "StandardScaler",
    "y_scaler": "StandardScaler"
  },
  "timing_sec": {
    "data_load": 1.175337314605713,
    "train": 72.06995272636414,
    "infer": 0.007481098175048828,
    "infer_per_sample_ms": 0.00046756863594055176
  },
  "model_size": {
    "num_params": 8967,
    "param_bytes": 35868,
    "checkpoint_bytes": 39493,
    "param_mb": 0.034206390380859375,
    "checkpoint_mb": 0.03766345977783203
  },
  "peak_memory": {
    "cpu_rss_peak_bytes": 641912832,
    "cpu_rss_peak_mb": 612.17578125
  },
  "metrics": {
    "rmse": [
      0.5318551659584045,
      0.014417150057852268,
      0.0006565692601725459,
      0.013428025878965855,
      2.707774058308132e-07,
      0.002904248423874378,
      3.0271783657553897e-07
    ],
    "rrmse": [
      0.22513379156589508,
      0.03754698485136032,
      0.14111736416816711,
      0.05863653123378754,
      0.024644412100315094,
      0.04685431718826294,
      0.021860335022211075
    ],
    "mae": [
      0.332893043756485,
      0.004854981787502766,
      0.0003834355156868696,
      0.004526569042354822,
      1.7009092800890357e-07,
      0.0016721582505851984,
      1.778055036538717e-07
    ],
    "r2": [
      0.9493147730827332,
      0.9985902309417725,
      0.9800859093666077,
      0.9965617656707764,
      0.9993926286697388,
      0.9978047013282776,
      0.9995221495628357
    ],
    "p95_abs": [
      1.278879165649414,
      0.015628976747393608,
      0.0016546219121664762,
      0.011636018753051758,
      6.382159085660533e-07,
      0.006804060656577349,
      7.523303793277591e-07
    ],
    "max_abs": [
      2.441030979156494,
      0.18113040924072266,
      0.00272990926168859,
      0.18245649337768555,
      1.7265374481212348e-06,
      0.02258920669555664,
      2.0403240341693163e-06
    ],
    "rmse_mean": 0.08046596497297287,
    "rrmse_mean": 0.07939910888671875,
    "mae_mean": 0.04919007420539856,
    "r2_mean": 0.9887531995773315,
    "p95_abs_mean": 0.1878006011247635,
    "max_abs_mean": 0.4042772650718689
  },
  "outputs": [
    "ProdRateProgVar [kg/m^3s]",
    "temperature [K]",
    "Y-CO",
    "density",
    "mu [kg/ms]",
    "cp [J/kgK]",
    "Diff [kg/ms]"
  ]
}