{
  "model": "nn_mlp_cpu",
  "seed": 1,
  "n_train": 8000,
  "n_val": 800,
  "n_test": 16000,
  "device": "cpu",
  "hyperparams": {
    "epochs_max": 300,
    "epochs_ran": 300,
    "batch_size": 4096,
    "lr": 0.001,
    "patience": 30,
    "width": 64,
    "depth": 3,
    "val_frac": 0.1,
    "transform": "signed_log1p",
    "x_scaler": "StandardScaler",
    "y_scaler": "StandardScaler"
  },
  "timing_sec": {
    "data_load": 0.515545129776001,
    "train": 145.53521132469177,
    "infer": 0.007824420928955078,
    "infer_per_sample_ms": 0.0004890263080596924
  },
  "model_size": {
    "num_params": 8967,
    "param_bytes": 35868,
    "checkpoint_bytes": 39493,
    "param_mb": 0.034206390380859375,
    "checkpoint_mb": 0.03766345977783203
  },
  "peak_memory": {
    "cpu_rss_peak_bytes": 630419456,
    "cpu_rss_peak_mb": 601.21484375
  },
  "metrics": {
    "rmse": [
      0.31624048948287964,
      0.01190313883125782,
      0.0005273206043057144,
      0.010541857220232487,
      1.74462073232462e-07,
      0.001922477618791163,
      2.1103511471665115e-07
    ],
    "rrmse": [
      0.13386429846286774,
      0.030999675393104553,
      0.11333777010440826,
      0.04603341966867447,
      0.01587841287255287,
      0.03101538121700287,
      0.015239598229527473
    ],
    "mae": [
      0.1815507858991623,
      0.006445025559514761,
      0.0003230390138924122,
      0.004866847302764654,
      1.2710759733636223e-07,
      0.001047578640282154,
      1.1864973714637017e-07
    ],
    "r2": [
      0.982080340385437,
      0.9990389943122864,
      0.9871545433998108,
      0.9978809356689453,
      0.9997478723526001,
      0.99903804063797,
      0.9997677803039551
    ],
    "p95_abs": [
      0.8307896852493286,
      0.02497955784201622,
      0.0011857732897624373,
      0.017375608906149864,
      3.716273226928024e-07,
      0.004363368730992079,
      5.152472226654936e-07
    ],
    "max_abs": [
      1.50209641456604,
      0.12119054794311523,
      0.00300702266395092,
      0.13599777221679688,
      1.0521798685658723e-06,
      0.01763010025024414,
      1.747252099448815e-06
    ],
    "rmse_mean": 0.0487336702644825,
    "rrmse_mean": 0.055195510387420654,
    "mae_mean": 0.02774764783680439,
    "r2_mean": 0.9949584007263184,
    "p95_abs_mean": 0.12552782893180847,
    "max_abs_mean": 0.25427496433258057
  },
  "outputs": [
    "ProdRateProgVar [kg/m^3s]",
    "temperature [K]",
    "Y-CO",
    "density",
    "mu [kg/ms]",
    "cp [J/kgK]",
    "Diff [kg/ms]"
  ]
}