{
  "model": "nn_mlp_cpu",
  "seed": 4,
  "n_train": 20000,
  "n_val": 2000,
  "n_test": 16000,
  "device": "cpu",
  "hyperparams": {
    "epochs_max": 300,
    "epochs_ran": 300,
    "batch_size": 4096,
    "lr": 0.001,
    "patience": 30,
    "width": 64,
    "depth": 3,
    "val_frac": 0.1,
    "transform": "signed_log1p",
    "x_scaler": "StandardScaler",
    "y_scaler": "StandardScaler"
  },
  "timing_sec": {
    "data_load": 0.9795429706573486,
    "train": 362.8460569381714,
    "infer": 0.0073223114013671875,
    "infer_per_sample_ms": 0.0004576444625854492
  },
  "model_size": {
    "num_params": 8967,
    "param_bytes": 35868,
    "checkpoint_bytes": 39493,
    "param_mb": 0.034206390380859375,
    "checkpoint_mb": 0.03766345977783203
  },
  "peak_memory": {
    "cpu_rss_peak_bytes": 657326080,
    "cpu_rss_peak_mb": 626.875
  },
  "metrics": {
    "rmse": [
      0.1486162692308426,
      0.004927823320031166,
      0.00020405719988048077,
      0.004414089024066925,
      9.377278331612615e-08,
      0.0007027610554359853,
      1.0453756971173789e-07
    ],
    "rrmse": [
      0.06290912628173828,
      0.012833666987717152,
      0.043858304619789124,
      0.0192751232534647,
      0.008534593507647514,
      0.011337662115693092,
      0.00754903070628643
    ],
    "mae": [
      0.08771836012601852,
      0.001756833866238594,
      0.00011916441872017458,
      0.0018974222475662827,
      5.833178917669102e-08,
      0.00041040670475922525,
      6.497820237427732e-08
    ],
    "r2": [
      0.9960424304008484,
      0.9998353123664856,
      0.9980764389038086,
      0.999628484249115,
      0.9999271631240845,
      0.9998714327812195,
      0.9999430179595947
    ],
    "p95_abs": [
      0.3775979280471802,
      0.006325816735625267,
      0.0005006523570045829,
      0.005111780483275652,
      1.7678419794719957e-07,
      0.0012355088256299496,
      2.1329684329884913e-07
    ],
    "max_abs": [
      0.6989045143127441,
      0.07582378387451172,
      0.0015086805215105414,
      0.07602620124816895,
      1.0632793419063091e-06,
      0.008885383605957031,
      1.0956337064271793e-06
    ],
    "rmse_mean": 0.0226950254291296,
    "rrmse_mean": 0.023756789043545723,
    "mae_mean": 0.013128901831805706,
    "r2_mean": 0.9990463256835938,
    "p95_abs_mean": 0.055824581533670425,
    "max_abs_mean": 0.12302152812480927
  },
  "outputs": [
    "ProdRateProgVar [kg/m^3s]",
    "temperature [K]",
    "Y-CO",
    "density",
    "mu [kg/ms]",
    "cp [J/kgK]",
    "Diff [kg/ms]"
  ]
}