{
  "model": "nn_mlp_cpu",
  "seed": 4,
  "n_train": 16000,
  "n_val": 1600,
  "n_test": 16000,
  "device": "cpu",
  "hyperparams": {
    "epochs_max": 300,
    "epochs_ran": 300,
    "batch_size": 4096,
    "lr": 0.001,
    "patience": 30,
    "width": 64,
    "depth": 3,
    "val_frac": 0.1,
    "transform": "signed_log1p",
    "x_scaler": "StandardScaler",
    "y_scaler": "StandardScaler"
  },
  "timing_sec": {
    "data_load": 0.883779764175415,
    "train": 291.2622752189636,
    "infer": 0.006631612777709961,
    "infer_per_sample_ms": 0.00041447579860687256
  },
  "model_size": {
    "num_params": 8967,
    "param_bytes": 35868,
    "checkpoint_bytes": 39493,
    "param_mb": 0.034206390380859375,
    "checkpoint_mb": 0.03766345977783203
  },
  "peak_memory": {
    "cpu_rss_peak_bytes": 651325440,
    "cpu_rss_peak_mb": 621.15234375
  },
  "metrics": {
    "rmse": [
      0.179334819316864,
      0.006241379771381617,
      0.0002516802051104605,
      0.0056600733660161495,
      1.0008653816839796e-07,
      0.0007472416618838906,
      1.4016953286954958e-07
    ],
    "rrmse": [
      0.07591225951910019,
      0.016254598274827003,
      0.05409398302435875,
      0.024715997278690338,
      0.00910923071205616,
      0.012055269442498684,
      0.010122141800820827
    ],
    "mae": [
      0.10715645551681519,
      0.0027003255672752857,
      0.0001492733572376892,
      0.0026048433501273394,
      6.386730433405319e-08,
      0.00040949697722680867,
      9.006128465216534e-08
    ],
    "r2": [
      0.9942373037338257,
      0.9997357726097107,
      0.9970738291740417,
      0.999389111995697,
      0.9999170303344727,
      0.9998546838760376,
      0.9998975396156311
    ],
    "p95_abs": [
      0.4541111886501312,
      0.009214161895215511,
      0.0005713920691050589,
      0.00704366248100996,
      1.5497151650833985e-07,
      0.0013675689697265625,
      2.920340023138124e-07
    ],
    "max_abs": [
      0.8814657926559448,
      0.0887441635131836,
      0.0016950733261182904,
      0.08871591091156006,
      1.1223055480513722e-06,
      0.009171485900878906,
      1.269181666430086e-06
    ],
    "rmse_mean": 0.027462204918265343,
    "rrmse_mean": 0.028894782066345215,
    "mae_mean": 0.016145793721079826,
    "r2_mean": 0.9985864758491516,
    "p95_abs_mean": 0.06747262924909592,
    "max_abs_mean": 0.15282784402370453
  },
  "outputs": [
    "ProdRateProgVar [kg/m^3s]",
    "temperature [K]",
    "Y-CO",
    "density",
    "mu [kg/ms]",
    "cp [J/kgK]",
    "Diff [kg/ms]"
  ]
}