{
  "model": "nn_mlp_cpu",
  "seed": 2,
  "n_train": 24000,
  "n_val": 2400,
  "n_test": 16000,
  "device": "cpu",
  "hyperparams": {
    "epochs_max": 300,
    "epochs_ran": 300,
    "batch_size": 4096,
    "lr": 0.001,
    "patience": 30,
    "width": 64,
    "depth": 3,
    "val_frac": 0.1,
    "transform": "signed_log1p",
    "x_scaler": "StandardScaler",
    "y_scaler": "StandardScaler"
  },
  "timing_sec": {
    "data_load": 0.5029733180999756,
    "train": 366.6926624774933,
    "infer": 0.005983114242553711,
    "infer_per_sample_ms": 0.00037394464015960693
  },
  "model_size": {
    "num_params": 8967,
    "param_bytes": 35868,
    "checkpoint_bytes": 39493,
    "param_mb": 0.034206390380859375,
    "checkpoint_mb": 0.03766345977783203
  },
  "peak_memory": {
    "cpu_rss_peak_bytes": 621031424,
    "cpu_rss_peak_mb": 592.26171875
  },
  "metrics": {
    "rmse": [
      0.14216133952140808,
      0.003257805248722434,
      0.0002207778743468225,
      0.0029541137628257275,
      7.115291822401559e-08,
      0.0007056728936731815,
      1.0580017573147416e-07
    ],
    "rrmse": [
      0.06017675995826721,
      0.008484392426908016,
      0.04745210334658623,
      0.012899809516966343,
      0.006475879345089197,
      0.011384638957679272,
      0.00764020811766386
    ],
    "mae": [
      0.08180192112922668,
      0.0016630413010716438,
      0.00013088565901853144,
      0.001243557664565742,
      4.5661145975373074e-08,
      0.00038298117578960955,
      6.956247489142697e-08
    ],
    "r2": [
      0.9963787794113159,
      0.9999279975891113,
      0.9977483153343201,
      0.9998335838317871,
      0.9999580383300781,
      0.9998704195022583,
      0.9999416470527649
    ],
    "p95_abs": [
      0.36439597606658936,
      0.004879951477050781,
      0.0005426427815109491,
      0.003518434939906001,
      1.5494369165480748e-07,
      0.0014357566833496094,
      2.3675926286159665e-07
    ],
    "max_abs": [
      0.7377166748046875,
      0.04987049102783203,
      0.0016559510258957744,
      0.05353057384490967,
      6.360569386743009e-07,
      0.0074214935302734375,
      6.843474693596363e-07
    ],
    "rmse_mean": 0.021328555420041084,
    "rrmse_mean": 0.022073401138186455,
    "mae_mean": 0.012174642644822598,
    "r2_mean": 0.9990941286087036,
    "p95_abs_mean": 0.05353901907801628,
    "max_abs_mean": 0.12145663797855377
  },
  "outputs": [
    "ProdRateProgVar [kg/m^3s]",
    "temperature [K]",
    "Y-CO",
    "density",
    "mu [kg/ms]",
    "cp [J/kgK]",
    "Diff [kg/ms]"
  ]
}