{
  "model": "nn_mlp_cpu",
  "seed": 4,
  "n_train": 24000,
  "n_val": 2400,
  "n_test": 16000,
  "device": "cpu",
  "hyperparams": {
    "epochs_max": 300,
    "epochs_ran": 300,
    "batch_size": 4096,
    "lr": 0.001,
    "patience": 30,
    "width": 64,
    "depth": 3,
    "val_frac": 0.1,
    "transform": "signed_log1p",
    "x_scaler": "StandardScaler",
    "y_scaler": "StandardScaler"
  },
  "timing_sec": {
    "data_load": 0.8486897945404053,
    "train": 368.5663552284241,
    "infer": 0.005838871002197266,
    "infer_per_sample_ms": 0.0003649294376373291
  },
  "model_size": {
    "num_params": 8967,
    "param_bytes": 35868,
    "checkpoint_bytes": 39493,
    "param_mb": 0.034206390380859375,
    "checkpoint_mb": 0.03766345977783203
  },
  "peak_memory": {
    "cpu_rss_peak_bytes": 656617472,
    "cpu_rss_peak_mb": 626.19921875
  },
  "metrics": {
    "rmse": [
      0.13086065649986267,
      0.004108640365302563,
      0.00017183920135721564,
      0.003511644434183836,
      8.669650242154603e-08,
      0.0006279755034483969,
      7.826195513871426e-08
    ],
    "rrmse": [
      0.055393192917108536,
      0.010700246319174767,
      0.036933645606040955,
      0.01533439476042986,
      0.007890556007623672,
      0.010131144896149635,
      0.005651575047522783
    ],
    "mae": [
      0.08357999473810196,
      0.0017028501024469733,
      0.00010428187670186162,
      0.0015586190856993198,
      4.866966918370963e-08,
      0.0003404035815037787,
      4.989456670045911e-08
    ],
    "r2": [
      0.9969316124916077,
      0.9998854994773865,
      0.9986358880996704,
      0.9997648596763611,
      0.9999377131462097,
      0.9998973608016968,
      0.9999680519104004
    ],
    "p95_abs": [
      0.32703280448913574,
      0.005655765533447266,
      0.00041906593833118677,
      0.0045025241561234,
      1.6616685627468541e-07,
      0.0010366439819335938,
      1.5732803149148822e-07
    ],
    "max_abs": [
      0.6380397081375122,
      0.06080961227416992,
      0.001270626555196941,
      0.062713623046875,
      1.1057018127758056e-06,
      0.007531642913818359,
      8.132828952511773e-07
    ],
    "rmse_mean": 0.019897272810339928,
    "rrmse_mean": 0.020290682092308998,
    "mae_mean": 0.012469463981688023,
    "r2_mean": 0.9992886781692505,
    "p95_abs_mean": 0.04837816581130028,
    "max_abs_mean": 0.11005245894193649
  },
  "outputs": [
    "ProdRateProgVar [kg/m^3s]",
    "temperature [K]",
    "Y-CO",
    "density",
    "mu [kg/ms]",
    "cp [J/kgK]",
    "Diff [kg/ms]"
  ]
}