{
  "model": "nn_mlp_cpu",
  "seed": 4,
  "n_train": 12000,
  "n_val": 1200,
  "n_test": 16000,
  "device": "cpu",
  "hyperparams": {
    "epochs_max": 300,
    "epochs_ran": 300,
    "batch_size": 4096,
    "lr": 0.001,
    "patience": 30,
    "width": 64,
    "depth": 3,
    "val_frac": 0.1,
    "transform": "signed_log1p",
    "x_scaler": "StandardScaler",
    "y_scaler": "StandardScaler"
  },
  "timing_sec": {
    "data_load": 0.9338657855987549,
    "train": 220.2481381893158,
    "infer": 0.00693058967590332,
    "infer_per_sample_ms": 0.0004331618547439575
  },
  "model_size": {
    "num_params": 8967,
    "param_bytes": 35868,
    "checkpoint_bytes": 39493,
    "param_mb": 0.034206390380859375,
    "checkpoint_mb": 0.03766345977783203
  },
  "peak_memory": {
    "cpu_rss_peak_bytes": 627564544,
    "cpu_rss_peak_mb": 598.4921875
  },
  "metrics": {
    "rmse": [
      0.21736598014831543,
      0.008768216706812382,
      0.000346223619999364,
      0.007700459100306034,
      1.1452868164951724e-07,
      0.0010136364726349711,
      1.8446834815222246e-07
    ],
    "rrmse": [
      0.09201081097126007,
      0.02283531054854393,
      0.07441433519124985,
      0.033625807613134384,
      0.010423661209642887,
      0.016353024169802666,
      0.013321117497980595
    ],
    "mae": [
      0.12892694771289825,
      0.004352111369371414,
      0.00020951010810676962,
      0.0034659644588828087,
      6.519751849509703e-08,
      0.0004978867946192622,
      1.1248560838339472e-07
    ],
    "r2": [
      0.9915339946746826,
      0.9994785189628601,
      0.9944624900817871,
      0.9988692998886108,
      0.9998913407325745,
      0.9997325539588928,
      0.9998225569725037
    ],
    "p95_abs": [
      0.5539350509643555,
      0.014176081866025925,
      0.0007137050852179527,
      0.009431538172066212,
      2.219259727098688e-07,
      0.0020480393432080746,
      3.9274200958061556e-07
    ],
    "max_abs": [
      1.1241322755813599,
      0.11034154891967773,
      0.0022037525195628405,
      0.10108339786529541,
      1.067829543899279e-06,
      0.014214038848876953,
      1.4999241102486849e-06
    ],
    "rmse_mean": 0.033599261194467545,
    "rrmse_mean": 0.03756915405392647,
    "mae_mean": 0.019636085256934166,
    "r2_mean": 0.9976844191551208,
    "p95_abs_mean": 0.08290071785449982,
    "max_abs_mean": 0.19313965737819672
  },
  "outputs": [
    "ProdRateProgVar [kg/m^3s]",
    "temperature [K]",
    "Y-CO",
    "density",
    "mu [kg/ms]",
    "cp [J/kgK]",
    "Diff [kg/ms]"
  ]
}