{
  "model": "nn_mlp_cpu",
  "seed": 3,
  "n_train": 8000,
  "n_val": 800,
  "n_test": 16000,
  "device": "cpu",
  "hyperparams": {
    "epochs_max": 300,
    "epochs_ran": 300,
    "batch_size": 4096,
    "lr": 0.001,
    "patience": 30,
    "width": 64,
    "depth": 3,
    "val_frac": 0.1,
    "transform": "signed_log1p",
    "x_scaler": "StandardScaler",
    "y_scaler": "StandardScaler"
  },
  "timing_sec": {
    "data_load": 1.272944450378418,
    "train": 134.65935063362122,
    "infer": 0.007847070693969727,
    "infer_per_sample_ms": 0.0004904419183731079
  },
  "model_size": {
    "num_params": 8967,
    "param_bytes": 35868,
    "checkpoint_bytes": 39493,
    "param_mb": 0.034206390380859375,
    "checkpoint_mb": 0.03766345977783203
  },
  "peak_memory": {
    "cpu_rss_peak_bytes": 644915200,
    "cpu_rss_peak_mb": 615.0390625
  },
  "metrics": {
    "rmse": [
      0.2865394055843353,
      0.007323541212826967,
      0.00039111566729843616,
      0.007285319734364748,
      1.2175908636891108e-07,
      0.0010383978951722383,
      2.208705751627349e-07
    ],
    "rrmse": [
      0.1212918609380722,
      0.01907290145754814,
      0.08406304568052292,
      0.03181300684809685,
      0.011081726290285587,
      0.01675250008702278,
      0.015949852764606476
    ],
    "mae": [
      0.16955997049808502,
      0.0032099315430969,
      0.0002530616766307503,
      0.0032039801590144634,
      8.665148953923563e-08,
      0.000559566484298557,
      1.3724515213198174e-07
    ],
    "r2": [
      0.9852882623672485,
      0.9996362328529358,
      0.9929333925247192,
      0.9989879131317139,
      0.9998772144317627,
      0.9997193813323975,
      0.9997456073760986
    ],
    "p95_abs": [
      0.7406835556030273,
      0.0105315912514925,
      0.0007994025363586843,
      0.010866306722164154,
      2.4063297132670414e-07,
      0.00222275173291564,
      5.329321766112116e-07
    ],
    "max_abs": [
      1.5284242630004883,
      0.11733436584472656,
      0.0019378336146473885,
      0.11495780944824219,
      1.0450576155562885e-06,
      0.013011455535888672,
      1.4226952771423385e-06
    ],
    "rmse_mean": 0.04322544485330582,
    "rrmse_mean": 0.04286069795489311,
    "mae_mean": 0.025255247950553894,
    "r2_mean": 0.9965982437133789,
    "p95_abs_mean": 0.1093006283044815,
    "max_abs_mean": 0.2536669075489044
  },
  "outputs": [
    "ProdRateProgVar [kg/m^3s]",
    "temperature [K]",
    "Y-CO",
    "density",
    "mu [kg/ms]",
    "cp [J/kgK]",
    "Diff [kg/ms]"
  ]
}