{
  "model": "nn_mlp_cpu",
  "seed": 2,
  "n_train": 4000,
  "n_val": 400,
  "n_test": 16000,
  "device": "cpu",
  "hyperparams": {
    "epochs_max": 300,
    "epochs_ran": 300,
    "batch_size": 4096,
    "lr": 0.001,
    "patience": 30,
    "width": 64,
    "depth": 3,
    "val_frac": 0.1,
    "transform": "signed_log1p",
    "x_scaler": "StandardScaler",
    "y_scaler": "StandardScaler"
  },
  "timing_sec": {
    "data_load": 0.48518872261047363,
    "train": 75.0217456817627,
    "infer": 0.008305072784423828,
    "infer_per_sample_ms": 0.0005190670490264893
  },
  "model_size": {
    "num_params": 8967,
    "param_bytes": 35868,
    "checkpoint_bytes": 39493,
    "param_mb": 0.034206390380859375,
    "checkpoint_mb": 0.03766345977783203
  },
  "peak_memory": {
    "cpu_rss_peak_bytes": 598155264,
    "cpu_rss_peak_mb": 570.4453125
  },
  "metrics": {
    "rmse": [
      0.5488609671592712,
      0.019923878833651543,
      0.0005376926274038851,
      0.017394306138157845,
      4.106099140699371e-07,
      0.002892613410949707,
      4.148748757870635e-07
    ],
    "rrmse": [
      0.23233233392238617,
      0.05188830941915512,
      0.11556704342365265,
      0.07595619559288025,
      0.037371065467596054,
      0.04666660726070404,
      0.02995959483087063
    ],
    "mae": [
      0.36091604828834534,
      0.009283795021474361,
      0.00032609087065793574,
      0.007637676317244768,
      2.9050147531961557e-07,
      0.001811969093978405,
      2.3568472329316137e-07
    ],
    "r2": [
      0.9460216760635376,
      0.9973075985908508,
      0.9866442680358887,
      0.9942306280136108,
      0.9986034035682678,
      0.9978222250938416,
      0.9991024136543274
    ],
    "p95_abs": [
      1.3323509693145752,
      0.029625197872519493,
      0.0012326479190960526,
      0.02370270900428295,
      8.854288466864091e-07,
      0.00669815531000495,
      9.28491488139116e-07
    ],
    "max_abs": [
      2.3466718196868896,
      0.21923255920410156,
      0.003108575474470854,
      0.20088040828704834,
      2.492673957021907e-06,
      0.019873619079589844,
      3.3675751183182e-06
    ],
    "rmse_mean": 0.08423004299402237,
    "rrmse_mean": 0.08424873650074005,
    "mae_mean": 0.054282303899526596,
    "r2_mean": 0.9885331988334656,
    "p95_abs_mean": 0.19908735156059265,
    "max_abs_mean": 0.3985389173030853
  },
  "outputs": [
    "ProdRateProgVar [kg/m^3s]",
    "temperature [K]",
    "Y-CO",
    "density",
    "mu [kg/ms]",
    "cp [J/kgK]",
    "Diff [kg/ms]"
  ]
}