{
  "model": "nn_mlp_cpu",
  "seed": 1,
  "n_train": 16000,
  "n_val": 1600,
  "n_test": 16000,
  "device": "cpu",
  "hyperparams": {
    "epochs_max": 300,
    "epochs_ran": 300,
    "batch_size": 4096,
    "lr": 0.001,
    "patience": 30,
    "width": 64,
    "depth": 3,
    "val_frac": 0.1,
    "transform": "signed_log1p",
    "x_scaler": "StandardScaler",
    "y_scaler": "StandardScaler"
  },
  "timing_sec": {
    "data_load": 0.5145714282989502,
    "train": 286.2104539871216,
    "infer": 0.007907390594482422,
    "infer_per_sample_ms": 0.0004942119121551514
  },
  "model_size": {
    "num_params": 8967,
    "param_bytes": 35868,
    "checkpoint_bytes": 39493,
    "param_mb": 0.034206390380859375,
    "checkpoint_mb": 0.03766345977783203
  },
  "peak_memory": {
    "cpu_rss_peak_bytes": 632848384,
    "cpu_rss_peak_mb": 603.53125
  },
  "metrics": {
    "rmse": [
      0.17789527773857117,
      0.005128208547830582,
      0.0003091816324740648,
      0.004560790956020355,
      7.888601061267764e-08,
      0.0006519165472127497,
      1.3360279638163775e-07
    ],
    "rrmse": [
      0.07530290633440018,
      0.013355535455048084,
      0.06645284593105316,
      0.019915731623768806,
      0.007179695647209883,
      0.010517386719584465,
      0.009647934697568417
    ],
    "mae": [
      0.10220693051815033,
      0.0022751300130039454,
      0.0001688058691797778,
      0.0021064477041363716,
      5.5238107421473615e-08,
      0.00033709590206854045,
      8.233326553863662e-08
    ],
    "r2": [
      0.9943294525146484,
      0.9998216032981873,
      0.9955840110778809,
      0.9996033906936646,
      0.9999484419822693,
      0.9998893737792969,
      0.9999068975448608
    ],
    "p95_abs": [
      0.4747134745121002,
      0.008070681244134903,
      0.0006556945736519992,
      0.00696638785302639,
      1.6336052510723675e-07,
      0.001163482666015625,
      2.733402482135716e-07
    ],
    "max_abs": [
      0.964941143989563,
      0.08002281188964844,
      0.001821788027882576,
      0.06757736206054688,
      6.451355147873983e-07,
      0.008859634399414062,
      1.235031959367916e-06
    ],
    "rmse_mean": 0.02693508192896843,
    "rrmse_mean": 0.028910290449857712,
    "mae_mean": 0.015299221500754356,
    "r2_mean": 0.9984404444694519,
    "p95_abs_mean": 0.07022430002689362,
    "max_abs_mean": 0.16046063601970673
  },
  "outputs": [
    "ProdRateProgVar [kg/m^3s]",
    "temperature [K]",
    "Y-CO",
    "density",
    "mu [kg/ms]",
    "cp [J/kgK]",
    "Diff [kg/ms]"
  ]
}