{
  "model": "nn_mlp_cpu",
  "seed": 1,
  "n_train": 4000,
  "n_val": 400,
  "n_test": 16000,
  "device": "cpu",
  "hyperparams": {
    "epochs_max": 300,
    "epochs_ran": 300,
    "batch_size": 4096,
    "lr": 0.001,
    "patience": 30,
    "width": 64,
    "depth": 3,
    "val_frac": 0.1,
    "transform": "signed_log1p",
    "x_scaler": "StandardScaler",
    "y_scaler": "StandardScaler"
  },
  "timing_sec": {
    "data_load": 0.6990752220153809,
    "train": 86.02513122558594,
    "infer": 0.00829935073852539,
    "infer_per_sample_ms": 0.0005187094211578369
  },
  "model_size": {
    "num_params": 8967,
    "param_bytes": 35868,
    "checkpoint_bytes": 39493,
    "param_mb": 0.034206390380859375,
    "checkpoint_mb": 0.03766345977783203
  },
  "peak_memory": {
    "cpu_rss_peak_bytes": 642027520,
    "cpu_rss_peak_mb": 612.28515625
  },
  "metrics": {
    "rmse": [
      0.5643240213394165,
      0.021071968600153923,
      0.0006668257410638034,
      0.01877175271511078,
      2.128416554114665e-07,
      0.0029052209574729204,
      4.3232242319390934e-07
    ],
    "rrmse": [
      0.23887783288955688,
      0.05487831309437752,
      0.14332179725170135,
      0.08197113126516342,
      0.019371474161744118,
      0.04687000438570976,
      0.031219543889164925
    ],
    "mae": [
      0.35690224170684814,
      0.009398280642926693,
      0.00039191191899590194,
      0.008402076549828053,
      1.1451626846792351e-07,
      0.0014463685220107436,
      2.5597401531740616e-07
    ],
    "r2": [
      0.9429373741149902,
      0.9969883561134338,
      0.9794588685035706,
      0.9932807087898254,
      0.9996247291564941,
      0.9978032112121582,
      0.9990253448486328
    ],
    "p95_abs": [
      1.390745759010315,
      0.02955641597509384,
      0.0015878162812441587,
      0.025467533618211746,
      4.22007872202812e-07,
      0.007198881823569536,
      9.340942028757127e-07
    ],
    "max_abs": [
      2.447331666946411,
      0.2398982048034668,
      0.0028838415164500475,
      0.21367299556732178,
      2.1980813471600413e-06,
      0.026950359344482422,
      3.3871365303639323e-06
    ],
    "rmse_mean": 0.08682006597518921,
    "rrmse_mean": 0.08807285875082016,
    "mae_mean": 0.05379160866141319,
    "r2_mean": 0.9870168566703796,
    "p95_abs_mean": 0.2077939808368683,
    "max_abs_mean": 0.41867750883102417
  },
  "outputs": [
    "ProdRateProgVar [kg/m^3s]",
    "temperature [K]",
    "Y-CO",
    "density",
    "mu [kg/ms]",
    "cp [J/kgK]",
    "Diff [kg/ms]"
  ]
}