{
  "model": "nn_mlp_cpu",
  "seed": 0,
  "n_train": 8000,
  "n_val": 800,
  "n_test": 16000,
  "device": "cpu",
  "hyperparams": {
    "epochs_max": 300,
    "epochs_ran": 300,
    "batch_size": 4096,
    "lr": 0.001,
    "patience": 30,
    "width": 64,
    "depth": 3,
    "val_frac": 0.1,
    "transform": "signed_log1p",
    "x_scaler": "StandardScaler",
    "y_scaler": "StandardScaler"
  },
  "timing_sec": {
    "data_load": 0.4852733612060547,
    "train": 148.40543794631958,
    "infer": 0.008090734481811523,
    "infer_per_sample_ms": 0.0005056709051132202
  },
  "model_size": {
    "num_params": 8967,
    "param_bytes": 35868,
    "checkpoint_bytes": 39493,
    "param_mb": 0.034206390380859375,
    "checkpoint_mb": 0.03766345977783203
  },
  "peak_memory": {
    "cpu_rss_peak_bytes": 644030464,
    "cpu_rss_peak_mb": 614.1953125
  },
  "metrics": {
    "rmse": [
      0.3650425374507904,
      0.013540828600525856,
      0.0005361930234357715,
      0.012640995904803276,
      1.7157660181510437e-07,
      0.0016360474983230233,
      2.05398592356687e-07
    ],
    "rrmse": [
      0.15452216565608978,
      0.0352647565305233,
      0.11524473130702972,
      0.05519978329539299,
      0.0156157948076725,
      0.026394397020339966,
      0.014832564629614353
    ],
    "mae": [
      0.23096239566802979,
      0.005167190916836262,
      0.00031005137134343386,
      0.004800830036401749,
      1.2573643459745654e-07,
      0.000791065045632422,
      1.4717750218551373e-07
    ],
    "r2": [
      0.9761229157447815,
      0.9987564086914062,
      0.9867186546325684,
      0.996953010559082,
      0.9997561573982239,
      0.9993033409118652,
      0.999779999256134
    ],
    "p95_abs": [
      0.8734755516052246,
      0.01749052107334137,
      0.0012976001016795635,
      0.016388267278671265,
      3.6502777334135317e-07,
      0.0034459340386092663,
      4.1771372139010055e-07
    ],
    "max_abs": [
      1.8340508937835693,
      0.1864480972290039,
      0.002808591350913048,
      0.17649412155151367,
      1.0002167982747778e-06,
      0.01935720443725586,
      1.765060005709529e-06
    ],
    "rmse_mean": 0.0561995729804039,
    "rrmse_mean": 0.059582024812698364,
    "mae_mean": 0.034575968980789185,
    "r2_mean": 0.9939129948616028,
    "p95_abs_mean": 0.13029980659484863,
    "max_abs_mean": 0.31702306866645813
  },
  "outputs": [
    "ProdRateProgVar [kg/m^3s]",
    "temperature [K]",
    "Y-CO",
    "density",
    "mu [kg/ms]",
    "cp [J/kgK]",
    "Diff [kg/ms]"
  ]
}