{
  "model": "nn_mlp_cpu",
  "seed": 3,
  "n_train": 12000,
  "n_val": 1200,
  "n_test": 16000,
  "device": "cpu",
  "hyperparams": {
    "epochs_max": 300,
    "epochs_ran": 300,
    "batch_size": 4096,
    "lr": 0.001,
    "patience": 30,
    "width": 64,
    "depth": 3,
    "val_frac": 0.1,
    "transform": "signed_log1p",
    "x_scaler": "StandardScaler",
    "y_scaler": "StandardScaler"
  },
  "timing_sec": {
    "data_load": 1.1944689750671387,
    "train": 227.2395510673523,
    "infer": 0.007227182388305664,
    "infer_per_sample_ms": 0.000451698899269104
  },
  "model_size": {
    "num_params": 8967,
    "param_bytes": 35868,
    "checkpoint_bytes": 39493,
    "param_mb": 0.034206390380859375,
    "checkpoint_mb": 0.03766345977783203
  },
  "peak_memory": {
    "cpu_rss_peak_bytes": 652300288,
    "cpu_rss_peak_mb": 622.08203125
  },
  "metrics": {
    "rmse": [
      0.21138285100460052,
      0.005358007736504078,
      0.0002880322572309524,
      0.005135095212608576,
      7.896086628988996e-08,
      0.0007273408700712025,
      1.2609513078132295e-07
    ],
    "rrmse": [
      0.08947816491127014,
      0.013954007998108864,
      0.06190718337893486,
      0.02242356166243553,
      0.007186508271843195,
      0.011734209023416042,
      0.009105779230594635
    ],
    "mae": [
      0.1214364767074585,
      0.0029077858198434114,
      0.00017895446217153221,
      0.0024100944865494967,
      4.9686505576573836e-08,
      0.00044722933671437204,
      8.508747129098992e-08
    ],
    "r2": [
      0.9919936656951904,
      0.9998052716255188,
      0.9961674809455872,
      0.9994971752166748,
      0.9999483823776245,
      0.9998623132705688,
      0.9999170899391174
    ],
    "p95_abs": [
      0.5552178025245667,
      0.007940838113427162,
      0.0006116682197898626,
      0.006854486186057329,
      1.7083438308418408e-07,
      0.0015184157527983189,
      2.7797523216577247e-07
    ],
    "max_abs": [
      1.0722622871398926,
      0.08497190475463867,
      0.00191682786680758,
      0.08624672889709473,
      7.087755875545554e-07,
      0.008618354797363281,
      1.1354222806403413e-06
    ],
    "rmse_mean": 0.03184164687991142,
    "rrmse_mean": 0.030827058479189873,
    "mae_mean": 0.018197238445281982,
    "r2_mean": 0.9981701970100403,
    "p95_abs_mean": 0.08173481374979019,
    "max_abs_mean": 0.1791454404592514
  },
  "outputs": [
    "ProdRateProgVar [kg/m^3s]",
    "temperature [K]",
    "Y-CO",
    "density",
    "mu [kg/ms]",
    "cp [J/kgK]",
    "Diff [kg/ms]"
  ]
}