{
  "model": "nn_mlp_cpu",
  "seed": 0,
  "n_train": 24000,
  "n_val": 2400,
  "n_test": 16000,
  "device": "cpu",
  "hyperparams": {
    "epochs_max": 300,
    "epochs_ran": 300,
    "batch_size": 4096,
    "lr": 0.001,
    "patience": 30,
    "width": 64,
    "depth": 3,
    "val_frac": 0.1,
    "transform": "signed_log1p",
    "x_scaler": "StandardScaler",
    "y_scaler": "StandardScaler"
  },
  "timing_sec": {
    "data_load": 0.4685051441192627,
    "train": 415.26703000068665,
    "infer": 0.006928920745849609,
    "infer_per_sample_ms": 0.0004330575466156006
  },
  "model_size": {
    "num_params": 8967,
    "param_bytes": 35868,
    "checkpoint_bytes": 39493,
    "param_mb": 0.034206390380859375,
    "checkpoint_mb": 0.03766345977783203
  },
  "peak_memory": {
    "cpu_rss_peak_bytes": 638435328,
    "cpu_rss_peak_mb": 608.859375
  },
  "metrics": {
    "rmse": [
      0.15679478645324707,
      0.00385580537840724,
      0.00032292644027620554,
      0.003008508589118719,
      8.249419636285893e-08,
      0.0004922804655507207,
      1.0587068288714363e-07
    ],
    "rrmse": [
      0.06637108325958252,
      0.010041780769824982,
      0.06940703839063644,
      0.013137336820363998,
      0.007508089300245047,
      0.007941973395645618,
      0.007645299658179283
    ],
    "mae": [
      0.08983056247234344,
      0.001833953196182847,
      0.00018682611698750407,
      0.0011532714124768972,
      5.183314044643339e-08,
      0.00029609850025735795,
      6.927802331802013e-08
    ],
    "r2": [
      0.99559485912323,
      0.99989914894104,
      0.9951826333999634,
      0.9998273849487305,
      0.9999436140060425,
      0.9999369382858276,
      0.9999415278434753
    ],
    "p95_abs": [
      0.3903733789920807,
      0.0061803339049220085,
      0.0007550868322141469,
      0.0033178674057126045,
      1.8200643125965144e-07,
      0.0009942292235791683,
      2.2548114486653503e-07
    ],
    "max_abs": [
      0.7592520713806152,
      0.05718564987182617,
      0.0016939584165811539,
      0.05719912052154541,
      5.939546099398285e-07,
      0.005636692047119141,
      9.758223313838243e-07
    ],
    "rmse_mean": 0.02349635772407055,
    "rrmse_mean": 0.0260075144469738,
    "mae_mean": 0.013328689150512218,
    "r2_mean": 0.9986180067062378,
    "p95_abs_mean": 0.05737447738647461,
    "max_abs_mean": 0.12585271894931793
  },
  "outputs": [
    "ProdRateProgVar [kg/m^3s]",
    "temperature [K]",
    "Y-CO",
    "density",
    "mu [kg/ms]",
    "cp [J/kgK]",
    "Diff [kg/ms]"
  ]
}