{
  "model": "nn_mlp_cpu",
  "seed": 0,
  "n_train": 20000,
  "n_val": 2000,
  "n_test": 16000,
  "device": "cpu",
  "hyperparams": {
    "epochs_max": 300,
    "epochs_ran": 300,
    "batch_size": 4096,
    "lr": 0.001,
    "patience": 30,
    "width": 64,
    "depth": 3,
    "val_frac": 0.1,
    "transform": "signed_log1p",
    "x_scaler": "StandardScaler",
    "y_scaler": "StandardScaler"
  },
  "timing_sec": {
    "data_load": 0.6983401775360107,
    "train": 368.1766674518585,
    "infer": 0.009247541427612305,
    "infer_per_sample_ms": 0.000577971339225769
  },
  "model_size": {
    "num_params": 8967,
    "param_bytes": 35868,
    "checkpoint_bytes": 39493,
    "param_mb": 0.034206390380859375,
    "checkpoint_mb": 0.03766345977783203
  },
  "peak_memory": {
    "cpu_rss_peak_bytes": 637489152,
    "cpu_rss_peak_mb": 607.95703125
  },
  "metrics": {
    "rmse": [
      0.17982780933380127,
      0.004825274925678968,
      0.0003634635650087148,
      0.004036272410303354,
      9.352395125006296e-08,
      0.0005361814983189106,
      1.1733423121995656e-07
    ],
    "rrmse": [
      0.07612094283103943,
      0.012566597200930119,
      0.07811973989009857,
      0.01762530207633972,
      0.00851194653660059,
      0.00865023024380207,
      0.008473123423755169
    ],
    "mae": [
      0.10839340835809708,
      0.0020074110943824053,
      0.00020874997426290065,
      0.0015272063901647925,
      5.830379024018839e-08,
      0.00028952735010534525,
      6.725593237888461e-08
    ],
    "r2": [
      0.9942055940628052,
      0.99984210729599,
      0.9938973188400269,
      0.9996893405914307,
      0.9999275207519531,
      0.9999251961708069,
      0.9999281764030457
    ],
    "p95_abs": [
      0.4462549388408661,
      0.00723058870062232,
      0.0008183934260159731,
      0.004702052567154169,
      2.0896365526823502e-07,
      0.0011005639098584652,
      2.465303339249658e-07
    ],
    "max_abs": [
      0.8531354665756226,
      0.06824827194213867,
      0.002143112476915121,
      0.06982195377349854,
      6.858963388367556e-07,
      0.005954265594482422,
      1.0611347533995286e-06
    ],
    "rmse_mean": 0.027084175497293472,
    "rrmse_mean": 0.030009698122739792,
    "mae_mean": 0.01606091856956482,
    "r2_mean": 0.9982022047042847,
    "p95_abs_mean": 0.06572957336902618,
    "max_abs_mean": 0.1427578330039978
  },
  "outputs": [
    "ProdRateProgVar [kg/m^3s]",
    "temperature [K]",
    "Y-CO",
    "density",
    "mu [kg/ms]",
    "cp [J/kgK]",
    "Diff [kg/ms]"
  ]
}