{
  "model": "nn_mlp_cpu",
  "seed": 0,
  "n_train": 4000,
  "n_val": 400,
  "n_test": 16000,
  "device": "cpu",
  "hyperparams": {
    "epochs_max": 300,
    "epochs_ran": 300,
    "batch_size": 4096,
    "lr": 0.001,
    "patience": 30,
    "width": 64,
    "depth": 3,
    "val_frac": 0.1,
    "transform": "signed_log1p",
    "x_scaler": "StandardScaler",
    "y_scaler": "StandardScaler"
  },
  "timing_sec": {
    "data_load": 0.6930878162384033,
    "train": 84.98601531982422,
    "infer": 0.010280132293701172,
    "infer_per_sample_ms": 0.0006425082683563232
  },
  "model_size": {
    "num_params": 8967,
    "param_bytes": 35868,
    "checkpoint_bytes": 39493,
    "param_mb": 0.034206390380859375,
    "checkpoint_mb": 0.03766345977783203
  },
  "peak_memory": {
    "cpu_rss_peak_bytes": 639758336,
    "cpu_rss_peak_mb": 610.12109375
  },
  "metrics": {
    "rmse": [
      0.6495339870452881,
      0.02520180679857731,
      0.0007499392377212644,
      0.01989738829433918,
      1.9294184028240124e-07,
      0.002622369211167097,
      3.4520886060818157e-07
    ],
    "rrmse": [
      0.2749471366405487,
      0.06563376635313034,
      0.16118550300598145,
      0.08688647300004959,
      0.01756032183766365,
      0.042306751012802124,
      0.024928763508796692
    ],
    "mae": [
      0.43136197328567505,
      0.010151641443371773,
      0.0004314076213631779,
      0.007337227929383516,
      1.1138787670006423e-07,
      0.0013165969867259264,
      2.3212365363178833e-07
    ],
    "r2": [
      0.9244040846824646,
      0.9956921935081482,
      0.9740192294120789,
      0.9924507141113281,
      0.9996916055679321,
      0.9982101321220398,
      0.9993785619735718
    ],
    "p95_abs": [
      1.561639428138733,
      0.03931374475359917,
      0.0017720062751322985,
      0.029420172795653343,
      3.307392830720346e-07,
      0.0062766787596046925,
      6.805126417930296e-07
    ],
    "max_abs": [
      2.727936267852783,
      0.2814302444458008,
      0.003145771101117134,
      0.23513662815093994,
      1.8624996300786734e-06,
      0.024600505828857422,
      2.48433934757486e-06
    ],
    "rmse_mean": 0.09971515089273453,
    "rrmse_mean": 0.09620696306228638,
    "mae_mean": 0.06437132507562637,
    "r2_mean": 0.9834066033363342,
    "p95_abs_mean": 0.23406045138835907,
    "max_abs_mean": 0.46746477484703064
  },
  "outputs": [
    "ProdRateProgVar [kg/m^3s]",
    "temperature [K]",
    "Y-CO",
    "density",
    "mu [kg/ms]",
    "cp [J/kgK]",
    "Diff [kg/ms]"
  ]
}