{
  "model": "nn_mlp_cpu",
  "seed": 2,
  "n_train": 12000,
  "n_val": 1200,
  "n_test": 16000,
  "device": "cpu",
  "hyperparams": {
    "epochs_max": 300,
    "epochs_ran": 300,
    "batch_size": 4096,
    "lr": 0.001,
    "patience": 30,
    "width": 64,
    "depth": 3,
    "val_frac": 0.1,
    "transform": "signed_log1p",
    "x_scaler": "StandardScaler",
    "y_scaler": "StandardScaler"
  },
  "timing_sec": {
    "data_load": 0.533538818359375,
    "train": 219.57334780693054,
    "infer": 0.00671076774597168,
    "infer_per_sample_ms": 0.00041942298412323
  },
  "model_size": {
    "num_params": 8967,
    "param_bytes": 35868,
    "checkpoint_bytes": 39493,
    "param_mb": 0.034206390380859375,
    "checkpoint_mb": 0.03766345977783203
  },
  "peak_memory": {
    "cpu_rss_peak_bytes": 453484544,
    "cpu_rss_peak_mb": 432.4765625
  },
  "metrics": {
    "rmse": [
      0.23661179840564728,
      0.0069994437508285046,
      0.0003687131102196872,
      0.006471589207649231,
      1.4059334318972105e-07,
      0.0010716021060943604,
      1.392858735016489e-07
    ],
    "rrmse": [
      0.10015755146741867,
      0.018228845670819283,
      0.07924803346395493,
      0.02825966663658619,
      0.01279589906334877,
      0.01728818565607071,
      0.010058329440653324
    ],
    "mae": [
      0.14356780052185059,
      0.003362648654729128,
      0.00021454690431710333,
      0.002576446160674095,
      8.14633693835276e-08,
      0.0006082449108362198,
      8.309147858653887e-08
    ],
    "r2": [
      0.989968478679657,
      0.9996677041053772,
      0.993719756603241,
      0.9992014169692993,
      0.999836266040802,
      0.9997011423110962,
      0.9998988509178162
    ],
    "p95_abs": [
      0.6064127683639526,
      0.009001372382044792,
      0.0008098826510831714,
      0.008428625762462616,
      3.320384962535172e-07,
      0.002412342932075262,
      2.894896056204743e-07
    ],
    "max_abs": [
      1.1937119960784912,
      0.09298563003540039,
      0.002451102714985609,
      0.09561705589294434,
      1.0189214663114399e-06,
      0.010385513305664062,
      1.189591785077937e-06
    ],
    "rmse_mean": 0.03593192249536514,
    "rrmse_mean": 0.03800521418452263,
    "mae_mean": 0.021475693210959435,
    "r2_mean": 0.9974276423454285,
    "p95_abs_mean": 0.08958081156015396,
    "max_abs_mean": 0.1993076503276825
  },
  "outputs": [
    "ProdRateProgVar [kg/m^3s]",
    "temperature [K]",
    "Y-CO",
    "density",
    "mu [kg/ms]",
    "cp [J/kgK]",
    "Diff [kg/ms]"
  ]
}