{
  "model": "nn_mlp_cpu",
  "seed": 2,
  "n_train": 16000,
  "n_val": 1600,
  "n_test": 16000,
  "device": "cpu",
  "hyperparams": {
    "epochs_max": 300,
    "epochs_ran": 300,
    "batch_size": 4096,
    "lr": 0.001,
    "patience": 30,
    "width": 64,
    "depth": 3,
    "val_frac": 0.1,
    "transform": "signed_log1p",
    "x_scaler": "StandardScaler",
    "y_scaler": "StandardScaler"
  },
  "timing_sec": {
    "data_load": 0.4871234893798828,
    "train": 253.85119771957397,
    "infer": 0.0063130855560302734,
    "infer_per_sample_ms": 0.0003945678472518921
  },
  "model_size": {
    "num_params": 8967,
    "param_bytes": 35868,
    "checkpoint_bytes": 39493,
    "param_mb": 0.034206390380859375,
    "checkpoint_mb": 0.03766345977783203
  },
  "peak_memory": {
    "cpu_rss_peak_bytes": 629510144,
    "cpu_rss_peak_mb": 600.34765625
  },
  "metrics": {
    "rmse": [
      0.19634325802326202,
      0.005038161296397448,
      0.00030585788772441447,
      0.004619512241333723,
      1.0184623278064464e-07,
      0.0008732493151910603,
      1.1810464428663181e-07
    ],
    "rrmse": [
      0.08311191946268082,
      0.013121022842824459,
      0.06573846936225891,
      0.020172150805592537,
      0.009269386529922485,
      0.014088153839111328,
      0.008528757840394974
    ],
    "mae": [
      0.11466628313064575,
      0.0024515329860150814,
      0.00017464032862335443,
      0.001731797936372459,
      6.9006759417789e-08,
      0.0004607073497027159,
      7.576618088478426e-08
    ],
    "r2": [
      0.99309241771698,
      0.9998278617858887,
      0.9956784248352051,
      0.9995930790901184,
      0.9999140501022339,
      0.999801516532898,
      0.999927282333374
    ],
    "p95_abs": [
      0.49935153126716614,
      0.008028649725019932,
      0.0006658462225459516,
      0.006065916270017624,
      2.1640934733113681e-07,
      0.0018358705565333366,
      2.3735154286441684e-07
    ],
    "max_abs": [
      1.0146135091781616,
      0.06987857818603516,
      0.0020620643626898527,
      0.07188630104064941,
      6.876725819893181e-07,
      0.008097648620605469,
      1.0141448001377285e-06
    ],
    "rmse_mean": 0.02959717996418476,
    "rrmse_mean": 0.030575694516301155,
    "mae_mean": 0.017069300636649132,
    "r2_mean": 0.9982621073722839,
    "p95_abs_mean": 0.07370690256357193,
    "max_abs_mean": 0.16664855182170868
  },
  "outputs": [
    "ProdRateProgVar [kg/m^3s]",
    "temperature [K]",
    "Y-CO",
    "density",
    "mu [kg/ms]",
    "cp [J/kgK]",
    "Diff [kg/ms]"
  ]
}