{
  "model": "nn_mlp_cpu",
  "seed": 4,
  "n_train": 8000,
  "n_val": 800,
  "n_test": 16000,
  "device": "cpu",
  "hyperparams": {
    "epochs_max": 300,
    "epochs_ran": 300,
    "batch_size": 4096,
    "lr": 0.001,
    "patience": 30,
    "width": 64,
    "depth": 3,
    "val_frac": 0.1,
    "transform": "signed_log1p",
    "x_scaler": "StandardScaler",
    "y_scaler": "StandardScaler"
  },
  "timing_sec": {
    "data_load": 0.8647811412811279,
    "train": 144.25142884254456,
    "infer": 0.0072405338287353516,
    "infer_per_sample_ms": 0.00045253336429595947
  },
  "model_size": {
    "num_params": 8967,
    "param_bytes": 35868,
    "checkpoint_bytes": 39493,
    "param_mb": 0.034206390380859375,
    "checkpoint_mb": 0.03766345977783203
  },
  "peak_memory": {
    "cpu_rss_peak_bytes": 644907008,
    "cpu_rss_peak_mb": 615.03125
  },
  "metrics": {
    "rmse": [
      0.2753596603870392,
      0.01323975995182991,
      0.00045920340926386416,
      0.011453536339104176,
      1.8880349728078727e-07,
      0.0018995859427377582,
      2.5422676230846264e-07
    ],
    "rrmse": [
      0.1165594831109047,
      0.03448067232966423,
      0.0986972451210022,
      0.050014473497867584,
      0.01718367636203766,
      0.03064607083797455,
      0.01835862174630165
    ],
    "mae": [
      0.1603514850139618,
      0.006273445673286915,
      0.00028445309726521373,
      0.004799612797796726,
      1.2672482796460827e-07,
      0.0009577300515957177,
      1.5517443330281822e-07
    ],
    "r2": [
      0.9864138960838318,
      0.9988110661506653,
      0.9902588725090027,
      0.9974985718727112,
      0.9997047185897827,
      0.9990608096122742,
      0.9996629357337952
    ],
    "p95_abs": [
      0.7200769186019897,
      0.022179411724209785,
      0.0009858374251052737,
      0.018547654151916504,
      3.9635398252357845e-07,
      0.00423116609454155,
      4.678792606682691e-07
    ],
    "max_abs": [
      1.4085094928741455,
      0.16353464126586914,
      0.002662327140569687,
      0.15415310859680176,
      1.4145334716886282e-06,
      0.021049022674560547,
      2.336710167583078e-06
    ],
    "rmse_mean": 0.043201744556427,
    "rrmse_mean": 0.052277177572250366,
    "mae_mean": 0.024666715413331985,
    "r2_mean": 0.9959158301353455,
    "p95_abs_mean": 0.10943169891834259,
    "max_abs_mean": 0.24998748302459717
  },
  "outputs": [
    "ProdRateProgVar [kg/m^3s]",
    "temperature [K]",
    "Y-CO",
    "density",
    "mu [kg/ms]",
    "cp [J/kgK]",
    "Diff [kg/ms]"
  ]
}